,Age,Fare,PassengerId,Pclass,Survived,Ticket,Title_Master,Title_Miss,Title_Mr,Title_Mrs,Title_Officer,Title_Royalty,Embarked_C,Embarked_Q,Embarked_S,female,isAlone,hasCabin,isChild,wealthy,HoH,mother
0,22.0,7.25,1,3,0.0,A/5 21171,0,0,1,0,0,0,0,0,1,0,0,0,0,0,0,0
1,38.0,71.2833,2,1,1.0,PC 17599,0,0,0,1,0,0,1,0,0,1,0,1,0,1,0,0
2,26.0,7.925,3,3,1.0,STON/O2. 3101282,0,1,0,0,0,0,0,0,1,1,1,0,0,0,0,0
3,35.0,53.1,4,1,1.0,113803,0,0,0,1,0,0,0,0,1,1,0,1,0,1,0,0
4,35.0,8.05,5,3,0.0,373450,0,0,1,0,0,0,0,0,1,0,1,0,0,0,0,0
5,26.0,8.4583,6,3,0.0,330877,0,0,1,0,0,0,0,1,0,0,1,0,0,0,0,0
6,54.0,51.8625,7,1,0.0,17463,0,0,1,0,0,0,0,0,1,0,1,1,0,1,0,0
7,2.0,21.075,8,3,0.0,349909,1,0,0,0,0,0,0,0,1,0,0,0,1,0,0,0
8,27.0,11.1333,9,3,1.0,347742,0,0,0,1,0,0,0,0,1,1,0,0,0,0,0,1
9,14.0,30.0708,10,2,1.0,237736,0,0,0,1,0,0,1,0,0,1,0,0,0,0,0,0
10,4.0,16.7,11,3,1.0,PP 9549,0,1,0,0,0,0,0,0,1,1,0,1,1,0,0,0
11,58.0,26.55,12,1,1.0,113783,0,1,0,0,0,0,0,0,1,1,1,1,0,0,0,0
12,20.0,8.05,13,3,0.0,A/5. 2151,0,0,1,0,0,0,0,0,1,0,1,0,0,0,0,0
13,39.0,31.275,14,3,0.0,347082,0,0,1,0,0,0,0,0,1,0,0,0,0,0,1,0
14,14.0,7.8542,15,3,0.0,350406,0,1,0,0,0,0,0,0,1,1,1,0,0,0,0,0
15,55.0,16.0,16,2,1.0,248706,0,0,0,1,0,0,0,0,1,1,1,0,0,0,0,0
16,2.0,29.125,17,3,0.0,382652,1,0,0,0,0,0,0,1,0,0,0,0,1,0,0,0
17,31.0,13.0,18,2,1.0,244373,0,0,1,0,0,0,0,0,1,0,1,0,0,0,0,0
18,31.0,18.0,19,3,0.0,345763,0,0,0,1,0,0,0,0,1,1,0,0,0,0,0,0
19,31.0,7.225,20,3,1.0,2649,0,0,0,1,0,0,1,0,0,1,1,0,0,0,0,0
20,35.0,26.0,21,2,0.0,239865,0,0,1,0,0,0,0,0,1,0,1,0,0,0,0,0
21,34.0,13.0,22,2,1.0,248698,0,0,1,0,0,0,0,0,1,0,1,1,0,0,0,0
22,15.0,8.0292,23,3,1.0,330923,0,1,0,0,0,0,0,1,0,1,1,0,0,0,0,0
23,28.0,35.5,24,1,1.0,113788,0,0,1,0,0,0,0,0,1,0,1,1,0,0,0,0
24,8.0,21.075,25,3,0.0,349909,0,1,0,0,0,0,0,0,1,1,0,0,1,0,0,0
25,38.0,31.3875,26,3,1.0,347077,0,0,0,1,0,0,0,0,1,1,0,0,0,0,0,1
26,26.0,7.225,27,3,0.0,2631,0,0,1,0,0,0,1,0,0,0,1,0,0,0,0,0
27,19.0,263.0,28,1,0.0,19950,0,0,1,0,0,0,0,0,1,0,0,1,0,1,1,0
28,18.0,7.8792,29,3,1.0,330959,0,1,0,0,0,0,0,1,0,1,1,0,0,0,0,0
29,26.0,7.8958,30,3,0.0,349216,0,0,1,0,0,0,0,0,1,0,1,0,0,0,0,0
30,40.0,27.7208,31,1,0.0,PC 17601,0,0,0,0,0,1,1,0,0,0,1,0,0,0,0,0
31,40.0,146.5208,32,1,1.0,PC 17569,0,0,0,1,0,0,1,0,0,1,0,1,0,1,0,0
32,18.0,7.75,33,3,1.0,335677,0,1,0,0,0,0,0,1,0,1,1,0,0,0,0,0
33,66.0,10.5,34,2,0.0,C.A. 24579,0,0,1,0,0,0,0,0,1,0,1,0,0,0,0,0
34,28.0,82.1708,35,1,0.0,PC 17604,0,0,1,0,0,0,1,0,0,0,0,0,0,1,0,0
35,42.0,52.0,36,1,0.0,113789,0,0,1,0,0,0,0,0,1,0,0,0,0,1,0,0
36,26.0,7.2292,37,3,1.0,2677,0,0,1,0,0,0,1,0,0,0,1,0,0,0,0,0
37,21.0,8.05,38,3,0.0,A./5. 2152,0,0,1,0,0,0,0,0,1,0,1,0,0,0,0,0
38,18.0,18.0,39,3,0.0,345764,0,1,0,0,0,0,0,0,1,1,0,0,0,0,0,0
39,14.0,11.2417,40,3,1.0,2651,0,1,0,0,0,0,1,0,0,1,0,0,0,0,0,0
40,40.0,9.475,41,3,0.0,7546,0,0,0,1,0,0,0,0,1,1,0,0,0,0,0,0
41,27.0,21.0,42,2,0.0,11668,0,0,0,1,0,0,0,0,1,1,0,0,0,0,0,0
42,26.0,7.8958,43,3,0.0,349253,0,0,1,0,0,0,1,0,0,0,1,0,0,0,0,0
43,3.0,41.5792,44,2,1.0,SC/Paris 2123,0,1,0,0,0,0,1,0,0,1,0,0,1,0,0,0
44,19.0,7.8792,45,3,1.0,330958,0,1,0,0,0,0,0,1,0,1,1,0,0,0,0,0
45,26.0,8.05,46,3,0.0,S.C./A.4. 23567,0,0,1,0,0,0,0,0,1,0,1,0,0,0,0,0
46,26.0,15.5,47,3,0.0,370371,0,0,1,0,0,0,0,1,0,0,0,0,0,0,0,0
47,18.0,7.75,48,3,1.0,14311,0,1,0,0,0,0,0,1,0,1,1,0,0,0,0,0
48,26.0,21.6792,49,3,0.0,2662,0,0,1,0,0,0,1,0,0,0,0,0,0,0,0,0
49,18.0,17.8,50,3,0.0,349237,0,0,0,1,0,0,0,0,1,1,0,0,0,0,0,0
50,7.0,39.6875,51,3,0.0,3101295,1,0,0,0,0,0,0,0,1,0,0,0,1,0,0,0
51,21.0,7.8,52,3,0.0,A/4. 39886,0,0,1,0,0,0,0,0,1,0,1,0,0,0,0,0
52,49.0,76.7292,53,1,1.0,PC 17572,0,0,0,1,0,0,1,0,0,1,0,1,0,1,0,0
53,29.0,26.0,54,2,1.0,2926,0,0,0,1,0,0,0,0,1,1,0,0,0,0,0,0
54,65.0,61.9792,55,1,0.0,113509,0,0,1,0,0,0,1,0,0,0,0,1,0,1,1,0
55,40.0,35.5,56,1,1.0,19947,0,0,1,0,0,0,0,0,1,0,1,1,0,0,0,0
56,21.0,10.5,57,2,1.0,C.A. 31026,0,1,0,0,0,0,0,0,1,1,1,0,0,0,0,0
57,28.5,7.2292,58,3,0.0,2697,0,0,1,0,0,0,1,0,0,0,1,0,0,0,0,0
58,5.0,27.75,59,2,1.0,C.A. 34651,0,1,0,0,0,0,0,0,1,1,0,0,1,0,0,0
59,11.0,46.9,60,3,0.0,CA 2144,1,0,0,0,0,0,0,0,1,0,0,0,1,0,0,0
60,22.0,7.2292,61,3,0.0,2669,0,0,1,0,0,0,1,0,0,0,1,0,0,0,0,0
61,38.0,80.0,62,1,1.0,113572,0,1,0,0,0,0,0,0,1,1,1,1,0,1,0,0
62,45.0,83.475,63,1,0.0,36973,0,0,1,0,0,0,0,0,1,0,0,1,0,1,0,0
63,4.0,27.9,64,3,0.0,347088,1,0,0,0,0,0,0,0,1,0,0,0,1,0,0,0
64,40.0,27.7208,65,1,0.0,PC 17605,0,0,1,0,0,0,1,0,0,0,1,0,0,0,0,0
65,4.0,15.2458,66,3,1.0,2661,1,0,0,0,0,0,1,0,0,0,0,0,1,0,0,0
66,29.0,10.5,67,2,1.0,C.A. 29395,0,0,0,1,0,0,0,0,1,1,1,1,0,0,0,0
67,19.0,8.1583,68,3,0.0,S.P. 3464,0,0,1,0,0,0,0,0,1,0,1,0,0,0,0,0
68,17.0,7.925,69,3,1.0,3101281,0,1,0,0,0,0,0,0,1,1,0,0,0,0,0,0
69,26.0,8.6625,70,3,0.0,315151,0,0,1,0,0,0,0,0,1,0,0,0,0,0,0,0
70,32.0,10.5,71,2,0.0,C.A. 33111,0,0,1,0,0,0,0,0,1,0,1,0,0,0,0,0
71,16.0,46.9,72,3,0.0,CA 2144,0,1,0,0,0,0,0,0,1,1,0,0,0,0,0,0
72,21.0,73.5,73,2,0.0,S.O.C. 14879,0,0,1,0,0,0,0,0,1,0,1,0,0,0,0,0
73,26.0,14.4542,74,3,0.0,2680,0,0,1,0,0,0,1,0,0,0,0,0,0,0,0,0
74,32.0,56.4958,75,3,1.0,1601,0,0,1,0,0,0,0,0,1,0,1,0,0,0,0,0
75,25.0,7.65,76,3,0.0,348123,0,0,1,0,0,0,0,0,1,0,1,1,0,0,0,0
76,26.0,7.8958,77,3,0.0,349208,0,0,1,0,0,0,0,0,1,0,1,0,0,0,0,0
77,26.0,8.05,78,3,0.0,374746,0,0,1,0,0,0,0,0,1,0,1,0,0,0,0,0
78,0.83,29.0,79,2,1.0,248738,1,0,0,0,0,0,0,0,1,0,0,0,1,0,0,0
79,30.0,12.475,80,3,1.0,364516,0,1,0,0,0,0,0,0,1,1,1,0,0,0,0,0
80,22.0,9.0,81,3,0.0,345767,0,0,1,0,0,0,0,0,1,0,1,0,0,0,0,0
81,29.0,9.5,82,3,1.0,345779,0,0,1,0,0,0,0,0,1,0,1,0,0,0,0,0
82,18.0,7.7875,83,3,1.0,330932,0,1,0,0,0,0,0,1,0,1,1,0,0,0,0,0
83,28.0,47.1,84,1,0.0,113059,0,0,1,0,0,0,0,0,1,0,1,0,0,0,0,0
84,17.0,10.5,85,2,1.0,SO/C 14885,0,1,0,0,0,0,0,0,1,1,1,0,0,0,0,0
85,33.0,15.85,86,3,1.0,3101278,0,0,0,1,0,0,0,0,1,1,0,0,0,0,0,0
86,16.0,34.375,87,3,0.0,W./C. 6608,0,0,1,0,0,0,0,0,1,0,0,0,0,0,0,0
87,26.0,8.05,88,3,0.0,SOTON/OQ 392086,0,0,1,0,0,0,0,0,1,0,1,0,0,0,0,0
88,23.0,263.0,89,1,1.0,19950,0,1,0,0,0,0,0,0,1,1,0,1,0,1,0,1
89,24.0,8.05,90,3,0.0,343275,0,0,1,0,0,0,0,0,1,0,1,0,0,0,0,0
90,29.0,8.05,91,3,0.0,343276,0,0,1,0,0,0,0,0,1,0,1,0,0,0,0,0
91,20.0,7.8542,92,3,0.0,347466,0,0,1,0,0,0,0,0,1,0,1,0,0,0,0,0
92,46.0,61.175,93,1,0.0,W.E.P. 5734,0,0,1,0,0,0,0,0,1,0,0,1,0,1,0,0
93,26.0,20.575,94,3,0.0,C.A. 2315,0,0,1,0,0,0,0,0,1,0,0,0,0,0,1,0
94,59.0,7.25,95,3,0.0,364500,0,0,1,0,0,0,0,0,1,0,1,0,0,0,0,0
95,26.0,8.05,96,3,0.0,374910,0,0,1,0,0,0,0,0,1,0,1,0,0,0,0,0
96,71.0,34.6542,97,1,0.0,PC 17754,0,0,1,0,0,0,1,0,0,0,1,1,0,0,0,0
97,23.0,63.3583,98,1,1.0,PC 17759,0,0,1,0,0,0,1,0,0,0,0,1,0,1,1,0
98,34.0,23.0,99,2,1.0,231919,0,0,0,1,0,0,0,0,1,1,0,0,0,0,0,1
99,34.0,26.0,100,2,0.0,244367,0,0,1,0,0,0,0,0,1,0,0,0,0,0,0,0
100,28.0,7.8958,101,3,0.0,349245,0,1,0,0,0,0,0,0,1,1,1,0,0,0,0,0
101,26.0,7.8958,102,3,0.0,349215,0,0,1,0,0,0,0,0,1,0,1,0,0,0,0,0
102,21.0,77.2875,103,1,0.0,35281,0,0,1,0,0,0,0,0,1,0,0,1,0,1,1,0
103,33.0,8.6542,104,3,0.0,7540,0,0,1,0,0,0,0,0,1,0,1,0,0,0,0,0
104,37.0,7.925,105,3,0.0,3101276,0,0,1,0,0,0,0,0,1,0,0,0,0,0,0,0
105,28.0,7.8958,106,3,0.0,349207,0,0,1,0,0,0,0,0,1,0,1,0,0,0,0,0
106,21.0,7.65,107,3,1.0,343120,0,1,0,0,0,0,0,0,1,1,1,0,0,0,0,0
107,26.0,7.775,108,3,1.0,312991,0,0,1,0,0,0,0,0,1,0,1,0,0,0,0,0
108,38.0,7.8958,109,3,0.0,349249,0,0,1,0,0,0,0,0,1,0,1,0,0,0,0,0
109,18.0,24.15,110,3,1.0,371110,0,1,0,0,0,0,0,1,0,1,0,0,0,0,0,0
110,47.0,52.0,111,1,0.0,110465,0,0,1,0,0,0,0,0,1,0,1,1,0,1,0,0
111,14.5,14.4542,112,3,0.0,2665,0,1,0,0,0,0,1,0,0,1,0,0,0,0,0,0
112,22.0,8.05,113,3,0.0,324669,0,0,1,0,0,0,0,0,1,0,1,0,0,0,0,0
113,20.0,9.825,114,3,0.0,4136,0,1,0,0,0,0,0,0,1,1,0,0,0,0,0,0
114,17.0,14.4583,115,3,0.0,2627,0,1,0,0,0,0,1,0,0,1,1,0,0,0,0,0
115,21.0,7.925,116,3,0.0,STON/O 2. 3101294,0,0,1,0,0,0,0,0,1,0,1,0,0,0,0,0
116,70.5,7.75,117,3,0.0,370369,0,0,1,0,0,0,0,1,0,0,1,0,0,0,0,0
117,29.0,21.0,118,2,0.0,11668,0,0,1,0,0,0,0,0,1,0,0,0,0,0,0,0
118,24.0,247.5208,119,1,0.0,PC 17558,0,0,1,0,0,0,1,0,0,0,0,1,0,1,1,0
119,2.0,31.275,120,3,0.0,347082,0,1,0,0,0,0,0,0,1,1,0,0,1,0,0,0
120,21.0,73.5,121,2,0.0,S.O.C. 14879,0,0,1,0,0,0,0,0,1,0,0,0,0,0,0,0
121,26.0,8.05,122,3,0.0,A4. 54510,0,0,1,0,0,0,0,0,1,0,1,0,0,0,0,0
122,32.5,30.0708,123,2,0.0,237736,0,0,1,0,0,0,1,0,0,0,0,0,0,0,0,0
123,32.5,13.0,124,2,1.0,27267,0,1,0,0,0,0,0,0,1,1,1,1,0,0,0,0
124,54.0,77.2875,125,1,0.0,35281,0,0,1,0,0,0,0,0,1,0,0,1,0,1,1,0
125,12.0,11.2417,126,3,1.0,2651,1,0,0,0,0,0,1,0,0,0,0,0,1,0,0,0
126,26.0,7.75,127,3,0.0,370372,0,0,1,0,0,0,0,1,0,0,1,0,0,0,0,0
127,24.0,7.1417,128,3,1.0,C 17369,0,0,1,0,0,0,0,0,1,0,1,0,0,0,0,0
128,18.0,22.3583,129,3,1.0,2668,0,1,0,0,0,0,1,0,0,1,0,1,0,0,0,1
129,45.0,6.975,130,3,0.0,347061,0,0,1,0,0,0,0,0,1,0,1,0,0,0,0,0
130,33.0,7.8958,131,3,0.0,349241,0,0,1,0,0,0,1,0,0,0,1,0,0,0,0,0
131,20.0,7.05,132,3,0.0,SOTON/O.Q. 3101307,0,0,1,0,0,0,0,0,1,0,1,0,0,0,0,0
132,47.0,14.5,133,3,0.0,A/5. 3337,0,0,0,1,0,0,0,0,1,1,0,0,0,0,0,0
133,29.0,26.0,134,2,1.0,228414,0,0,0,1,0,0,0,0,1,1,0,0,0,0,0,0
134,25.0,13.0,135,2,0.0,C.A. 29178,0,0,1,0,0,0,0,0,1,0,1,0,0,0,0,0
135,23.0,15.0458,136,2,0.0,SC/PARIS 2133,0,0,1,0,0,0,1,0,0,0,1,0,0,0,0,0
136,19.0,26.2833,137,1,1.0,11752,0,1,0,0,0,0,0,0,1,1,0,1,0,0,0,1
137,37.0,53.1,138,1,0.0,113803,0,0,1,0,0,0,0,0,1,0,0,1,0,1,0,0
138,16.0,9.2167,139,3,0.0,7534,0,0,1,0,0,0,0,0,1,0,1,0,0,0,0,0
139,24.0,79.2,140,1,0.0,PC 17593,0,0,1,0,0,0,1,0,0,0,1,1,0,1,0,0
140,31.0,15.2458,141,3,0.0,2678,0,0,0,1,0,0,1,0,0,1,0,0,0,0,0,1
141,22.0,7.75,142,3,1.0,347081,0,1,0,0,0,0,0,0,1,1,1,0,0,0,0,0
142,24.0,15.85,143,3,1.0,STON/O2. 3101279,0,0,0,1,0,0,0,0,1,1,0,0,0,0,0,0
143,19.0,6.75,144,3,0.0,365222,0,0,1,0,0,0,0,1,0,0,1,0,0,0,0,0
144,18.0,11.5,145,2,0.0,231945,0,0,1,0,0,0,0,0,1,0,1,0,0,0,0,0
145,19.0,36.75,146,2,0.0,C.A. 33112,0,0,1,0,0,0,0,0,1,0,0,0,0,0,1,0
146,27.0,7.7958,147,3,1.0,350043,0,0,1,0,0,0,0,0,1,0,1,0,0,0,0,0
147,9.0,34.375,148,3,0.0,W./C. 6608,0,1,0,0,0,0,0,0,1,1,0,0,1,0,0,0
148,36.5,26.0,149,2,0.0,230080,0,0,1,0,0,0,0,0,1,0,0,1,0,0,1,0
149,42.0,13.0,150,2,0.0,244310,0,0,0,0,1,0,0,0,1,0,1,0,0,0,0,0
150,51.0,12.525,151,2,0.0,S.O.P. 1166,0,0,0,0,1,0,0,0,1,0,1,0,0,0,0,0
151,22.0,66.6,152,1,1.0,113776,0,0,0,1,0,0,0,0,1,1,0,1,0,1,0,0
152,55.5,8.05,153,3,0.0,A.5. 11206,0,0,1,0,0,0,0,0,1,0,1,0,0,0,0,0
153,40.5,14.5,154,3,0.0,A/5. 851,0,0,1,0,0,0,0,0,1,0,0,0,0,0,1,0
154,26.0,7.3125,155,3,0.0,Fa 265302,0,0,1,0,0,0,0,0,1,0,1,0,0,0,0,0
155,51.0,61.3792,156,1,0.0,PC 17597,0,0,1,0,0,0,1,0,0,0,0,0,0,1,1,0
156,16.0,7.7333,157,3,1.0,35851,0,1,0,0,0,0,0,1,0,1,1,0,0,0,0,0
157,30.0,8.05,158,3,0.0,SOTON/OQ 392090,0,0,1,0,0,0,0,0,1,0,1,0,0,0,0,0
158,26.0,8.6625,159,3,0.0,315037,0,0,1,0,0,0,0,0,1,0,1,0,0,0,0,0
159,4.0,69.55,160,3,0.0,CA. 2343,1,0,0,0,0,0,0,0,1,0,0,0,1,0,0,0
160,44.0,16.1,161,3,0.0,371362,0,0,1,0,0,0,0,0,1,0,0,0,0,0,1,0
161,40.0,15.75,162,2,1.0,C.A. 33595,0,0,0,1,0,0,0,0,1,1,1,0,0,0,0,0
162,26.0,7.775,163,3,0.0,347068,0,0,1,0,0,0,0,0,1,0,1,0,0,0,0,0
163,17.0,8.6625,164,3,0.0,315093,0,0,1,0,0,0,0,0,1,0,1,0,0,0,0,0
164,1.0,39.6875,165,3,0.0,3101295,1,0,0,0,0,0,0,0,1,0,0,0,1,0,0,0
165,9.0,20.525,166,3,1.0,363291,1,0,0,0,0,0,0,0,1,0,0,0,1,0,0,0
166,40.0,55.0,167,1,1.0,113505,0,0,0,1,0,0,0,0,1,1,0,1,0,1,0,1
167,45.0,27.9,168,3,0.0,347088,0,0,0,1,0,0,0,0,1,1,0,0,0,0,0,1
168,40.0,25.925,169,1,0.0,PC 17318,0,0,1,0,0,0,0,0,1,0,1,0,0,0,0,0
169,28.0,56.4958,170,3,0.0,1601,0,0,1,0,0,0,0,0,1,0,1,0,0,0,0,0
170,61.0,33.5,171,1,0.0,111240,0,0,1,0,0,0,0,0,1,0,1,1,0,0,0,0
171,4.0,29.125,172,3,0.0,382652,1,0,0,0,0,0,0,1,0,0,0,0,1,0,0,0
172,1.0,11.1333,173,3,1.0,347742,0,1,0,0,0,0,0,0,1,1,0,0,1,0,0,0
173,21.0,7.925,174,3,0.0,STON/O 2. 3101280,0,0,1,0,0,0,0,0,1,0,1,0,0,0,0,0
174,56.0,30.6958,175,1,0.0,17764,0,0,1,0,0,0,1,0,0,0,1,1,0,0,0,0
175,18.0,7.8542,176,3,0.0,350404,0,0,1,0,0,0,0,0,1,0,0,0,0,0,1,0
176,4.0,25.4667,177,3,0.0,4133,1,0,0,0,0,0,0,0,1,0,0,0,1,0,0,0
177,50.0,28.7125,178,1,0.0,PC 17595,0,1,0,0,0,0,1,0,0,1,1,1,0,0,0,0
178,30.0,13.0,179,2,0.0,250653,0,0,1,0,0,0,0,0,1,0,1,0,0,0,0,0
179,36.0,0.0,180,3,0.0,LINE,0,0,1,0,0,0,0,0,1,0,1,0,0,0,0,0
180,18.0,69.55,181,3,0.0,CA. 2343,0,1,0,0,0,0,0,0,1,1,0,0,0,0,0,1
181,31.0,15.05,182,2,0.0,SC/PARIS 2131,0,0,1,0,0,0,1,0,0,0,1,0,0,0,0,0
182,9.0,31.3875,183,3,0.0,347077,1,0,0,0,0,0,0,0,1,0,0,0,1,0,0,0
183,1.0,39.0,184,2,1.0,230136,1,0,0,0,0,0,0,0,1,0,0,1,1,0,0,0
184,4.0,22.025,185,3,1.0,315153,0,1,0,0,0,0,0,0,1,1,0,0,1,0,0,0
185,40.0,50.0,186,1,0.0,113767,0,0,1,0,0,0,0,0,1,0,1,1,0,1,0,0
186,31.0,15.5,187,3,1.0,370365,0,0,0,1,0,0,0,1,0,1,0,0,0,0,0,0
187,45.0,26.55,188,1,1.0,111428,0,0,1,0,0,0,0,0,1,0,1,0,0,0,0,0
188,40.0,15.5,189,3,0.0,364849,0,0,1,0,0,0,0,1,0,0,0,0,0,0,1,0
189,36.0,7.8958,190,3,0.0,349247,0,0,1,0,0,0,0,0,1,0,1,0,0,0,0,0
190,32.0,13.0,191,2,1.0,234604,0,0,0,1,0,0,0,0,1,1,1,0,0,0,0,0
191,19.0,13.0,192,2,0.0,28424,0,0,1,0,0,0,0,0,1,0,1,0,0,0,0,0
192,19.0,7.8542,193,3,1.0,350046,0,1,0,0,0,0,0,0,1,1,0,0,0,0,0,0
193,3.0,26.0,194,2,1.0,230080,1,0,0,0,0,0,0,0,1,0,0,1,1,0,0,0
194,44.0,27.7208,195,1,1.0,PC 17610,0,0,0,1,0,0,1,0,0,1,1,1,0,0,0,0
195,58.0,146.5208,196,1,1.0,PC 17569,0,1,0,0,0,0,1,0,0,1,1,1,0,1,0,0
196,26.0,7.75,197,3,0.0,368703,0,0,1,0,0,0,0,1,0,0,1,0,0,0,0,0
197,42.0,8.4042,198,3,0.0,4579,0,0,1,0,0,0,0,0,1,0,0,0,0,0,1,0
198,18.0,7.75,199,3,1.0,370370,0,1,0,0,0,0,0,1,0,1,1,0,0,0,0,0
199,24.0,13.0,200,2,0.0,248747,0,1,0,0,0,0,0,0,1,1,1,0,0,0,0,0
200,28.0,9.5,201,3,0.0,345770,0,0,1,0,0,0,0,0,1,0,1,0,0,0,0,0
201,26.0,69.55,202,3,0.0,CA. 2343,0,0,1,0,0,0,0,0,1,0,0,0,0,0,1,0
202,34.0,6.4958,203,3,0.0,3101264,0,0,1,0,0,0,0,0,1,0,1,0,0,0,0,0
203,45.5,7.225,204,3,0.0,2628,0,0,1,0,0,0,1,0,0,0,1,0,0,0,0,0
204,18.0,8.05,205,3,1.0,A/5 3540,0,0,1,0,0,0,0,0,1,0,1,0,0,0,0,0
205,2.0,10.4625,206,3,0.0,347054,0,1,0,0,0,0,0,0,1,1,0,1,1,0,0,0
206,32.0,15.85,207,3,0.0,3101278,0,0,1,0,0,0,0,0,1,0,0,0,0,0,0,0
207,26.0,18.7875,208,3,1.0,2699,0,0,1,0,0,0,1,0,0,0,1,0,0,0,0,0
208,16.0,7.75,209,3,1.0,367231,0,1,0,0,0,0,0,1,0,1,1,0,0,0,0,0
209,40.0,31.0,210,1,1.0,112277,0,0,1,0,0,0,1,0,0,0,1,1,0,0,0,0
210,24.0,7.05,211,3,0.0,SOTON/O.Q. 3101311,0,0,1,0,0,0,0,0,1,0,1,0,0,0,0,0
211,35.0,21.0,212,2,1.0,F.C.C. 13528,0,1,0,0,0,0,0,0,1,1,1,0,0,0,0,0
212,22.0,7.25,213,3,0.0,A/5 21174,0,0,1,0,0,0,0,0,1,0,1,0,0,0,0,0
213,30.0,13.0,214,2,0.0,250646,0,0,1,0,0,0,0,0,1,0,1,0,0,0,0,0
214,26.0,7.75,215,3,0.0,367229,0,0,1,0,0,0,0,1,0,0,0,0,0,0,0,0
215,31.0,113.275,216,1,1.0,35273,0,1,0,0,0,0,1,0,0,1,0,1,0,1,0,0
216,27.0,7.925,217,3,1.0,STON/O2. 3101283,0,1,0,0,0,0,0,0,1,1,1,0,0,0,0,0
217,42.0,27.0,218,2,0.0,243847,0,0,1,0,0,0,0,0,1,0,0,0,0,0,0,0
218,32.0,76.2917,219,1,1.0,11813,0,1,0,0,0,0,1,0,0,1,1,1,0,1,0,0
219,30.0,10.5,220,2,0.0,W/C 14208,0,0,1,0,0,0,0,0,1,0,1,0,0,0,0,0
220,16.0,8.05,221,3,1.0,SOTON/OQ 392089,0,0,1,0,0,0,0,0,1,0,1,0,0,0,0,0
221,27.0,13.0,222,2,0.0,220367,0,0,1,0,0,0,0,0,1,0,1,0,0,0,0,0
222,51.0,8.05,223,3,0.0,21440,0,0,1,0,0,0,0,0,1,0,1,0,0,0,0,0
223,26.0,7.8958,224,3,0.0,349234,0,0,1,0,0,0,0,0,1,0,1,0,0,0,0,0
224,38.0,90.0,225,1,1.0,19943,0,0,1,0,0,0,0,0,1,0,0,1,0,1,0,0
225,22.0,9.35,226,3,0.0,PP 4348,0,0,1,0,0,0,0,0,1,0,1,0,0,0,0,0
226,19.0,10.5,227,2,1.0,SW/PP 751,0,0,1,0,0,0,0,0,1,0,1,0,0,0,0,0
227,20.5,7.25,228,3,0.0,A/5 21173,0,0,1,0,0,0,0,0,1,0,1,0,0,0,0,0
228,18.0,13.0,229,2,0.0,236171,0,0,1,0,0,0,0,0,1,0,1,0,0,0,0,0
229,18.0,25.4667,230,3,0.0,4133,0,1,0,0,0,0,0,0,1,1,0,0,0,0,0,1
230,35.0,83.475,231,1,1.0,36973,0,0,0,1,0,0,0,0,1,1,0,1,0,1,0,0
231,29.0,7.775,232,3,0.0,347067,0,0,1,0,0,0,0,0,1,0,1,0,0,0,0,0
232,59.0,13.5,233,2,0.0,237442,0,0,1,0,0,0,0,0,1,0,1,0,0,0,0,0
233,5.0,31.3875,234,3,1.0,347077,0,1,0,0,0,0,0,0,1,1,0,0,1,0,0,0
234,24.0,10.5,235,2,0.0,C.A. 29566,0,0,1,0,0,0,0,0,1,0,1,0,0,0,0,0
235,18.0,7.55,236,3,0.0,W./C. 6609,0,1,0,0,0,0,0,0,1,1,1,0,0,0,0,0
236,44.0,26.0,237,2,0.0,26707,0,0,1,0,0,0,0,0,1,0,0,0,0,0,0,0
237,8.0,26.25,238,2,1.0,C.A. 31921,0,1,0,0,0,0,0,0,1,1,0,0,1,0,0,0
238,19.0,10.5,239,2,0.0,28665,0,0,1,0,0,0,0,0,1,0,1,0,0,0,0,0
239,33.0,12.275,240,2,0.0,SCO/W 1585,0,0,1,0,0,0,0,0,1,0,1,0,0,0,0,0
240,18.0,14.4542,241,3,0.0,2665,0,1,0,0,0,0,1,0,0,1,0,0,0,0,0,0
241,18.0,15.5,242,3,1.0,367230,0,1,0,0,0,0,0,1,0,1,0,0,0,0,0,0
242,29.0,10.5,243,2,0.0,W./C. 14263,0,0,1,0,0,0,0,0,1,0,1,0,0,0,0,0
243,22.0,7.125,244,3,0.0,STON/O 2. 3101275,0,0,1,0,0,0,0,0,1,0,1,0,0,0,0,0
244,30.0,7.225,245,3,0.0,2694,0,0,1,0,0,0,1,0,0,0,1,0,0,0,0,0
245,44.0,90.0,246,1,0.0,19928,0,0,0,0,1,0,0,1,0,0,0,1,0,1,0,0
246,25.0,7.775,247,3,0.0,347071,0,1,0,0,0,0,0,0,1,1,1,0,0,0,0,0
247,24.0,14.5,248,2,1.0,250649,0,0,0,1,0,0,0,0,1,1,0,0,0,0,0,1
248,37.0,52.5542,249,1,1.0,11751,0,0,1,0,0,0,0,0,1,0,0,1,0,1,1,0
249,54.0,26.0,250,2,0.0,244252,0,0,0,0,1,0,0,0,1,0,0,0,0,0,0,0
250,26.0,7.25,251,3,0.0,362316,0,0,1,0,0,0,0,0,1,0,1,0,0,0,0,0
251,29.0,10.4625,252,3,0.0,347054,0,0,0,1,0,0,0,0,1,1,0,1,0,0,0,1
252,62.0,26.55,253,1,0.0,113514,0,0,1,0,0,0,0,0,1,0,1,1,0,0,0,0
253,30.0,16.1,254,3,0.0,A/5. 3336,0,0,1,0,0,0,0,0,1,0,0,0,0,0,0,0
254,41.0,20.2125,255,3,0.0,370129,0,0,0,1,0,0,0,0,1,1,0,0,0,0,0,1
255,29.0,15.2458,256,3,1.0,2650,0,0,0,1,0,0,1,0,0,1,0,0,0,0,0,1
256,40.0,79.2,257,1,1.0,PC 17585,0,0,0,1,0,0,1,0,0,1,1,0,0,1,0,0
257,30.0,86.5,258,1,1.0,110152,0,1,0,0,0,0,0,0,1,1,1,1,0,1,0,0
258,35.0,512.3292,259,1,1.0,PC 17755,0,1,0,0,0,0,1,0,0,1,1,0,0,1,0,0
259,50.0,26.0,260,2,1.0,230433,0,0,0,1,0,0,0,0,1,1,0,0,0,0,0,1
260,26.0,7.75,261,3,0.0,384461,0,0,1,0,0,0,0,1,0,0,1,0,0,0,0,0
261,3.0,31.3875,262,3,1.0,347077,1,0,0,0,0,0,0,0,1,0,0,0,1,0,0,0
262,52.0,79.65,263,1,0.0,110413,0,0,1,0,0,0,0,0,1,0,0,1,0,1,1,0
263,40.0,0.0,264,1,0.0,112059,0,0,1,0,0,0,0,0,1,0,1,1,0,0,0,0
264,18.0,7.75,265,3,0.0,382649,0,1,0,0,0,0,0,1,0,1,1,0,0,0,0,0
265,36.0,10.5,266,2,0.0,C.A. 17248,0,0,1,0,0,0,0,0,1,0,1,0,0,0,0,0
266,16.0,39.6875,267,3,0.0,3101295,0,0,1,0,0,0,0,0,1,0,0,0,0,0,0,0
267,25.0,7.775,268,3,1.0,347083,0,0,1,0,0,0,0,0,1,0,0,0,0,0,0,0
268,58.0,153.4625,269,1,1.0,PC 17582,0,0,0,1,0,0,0,0,1,1,0,1,0,1,0,1
269,35.0,135.6333,270,1,1.0,PC 17760,0,1,0,0,0,0,0,0,1,1,1,1,0,1,0,0
270,40.0,31.0,271,1,0.0,113798,0,0,1,0,0,0,0,0,1,0,1,0,0,0,0,0
271,25.0,0.0,272,3,1.0,LINE,0,0,1,0,0,0,0,0,1,0,1,0,0,0,0,0
272,41.0,19.5,273,2,1.0,250644,0,0,0,1,0,0,0,0,1,1,0,0,0,0,0,1
273,37.0,29.7,274,1,0.0,PC 17596,0,0,1,0,0,0,1,0,0,0,0,1,0,0,1,0
274,18.0,7.75,275,3,1.0,370375,0,1,0,0,0,0,0,1,0,1,1,0,0,0,0,0
275,63.0,77.9583,276,1,1.0,13502,0,1,0,0,0,0,0,0,1,1,0,1,0,1,0,0
276,45.0,7.75,277,3,0.0,347073,0,1,0,0,0,0,0,0,1,1,1,0,0,0,0,0
277,31.0,0.0,278,2,0.0,239853,0,0,1,0,0,0,0,0,1,0,1,0,0,0,0,0
278,7.0,29.125,279,3,0.0,382652,1,0,0,0,0,0,0,1,0,0,0,0,1,0,0,0
279,35.0,20.25,280,3,1.0,C.A. 2673,0,0,0,1,0,0,0,0,1,1,0,0,0,0,0,1
280,65.0,7.75,281,3,0.0,336439,0,0,1,0,0,0,0,1,0,0,1,0,0,0,0,0
281,28.0,7.8542,282,3,0.0,347464,0,0,1,0,0,0,0,0,1,0,1,0,0,0,0,0
282,16.0,9.5,283,3,0.0,345778,0,0,1,0,0,0,0,0,1,0,1,0,0,0,0,0
283,19.0,8.05,284,3,1.0,A/5. 10482,0,0,1,0,0,0,0,0,1,0,1,0,0,0,0,0
284,40.0,26.0,285,1,0.0,113056,0,0,1,0,0,0,0,0,1,0,1,1,0,0,0,0
285,33.0,8.6625,286,3,0.0,349239,0,0,1,0,0,0,1,0,0,0,1,0,0,0,0,0
286,30.0,9.5,287,3,1.0,345774,0,0,1,0,0,0,0,0,1,0,1,0,0,0,0,0
287,22.0,7.8958,288,3,0.0,349206,0,0,1,0,0,0,0,0,1,0,1,0,0,0,0,0
288,42.0,13.0,289,2,1.0,237798,0,0,1,0,0,0,0,0,1,0,1,0,0,0,0,0
289,22.0,7.75,290,3,1.0,370373,0,1,0,0,0,0,0,1,0,1,1,0,0,0,0,0
290,26.0,78.85,291,1,1.0,19877,0,1,0,0,0,0,0,0,1,1,1,0,0,1,0,0
291,19.0,91.0792,292,1,1.0,11967,0,0,0,1,0,0,1,0,0,1,0,1,0,1,0,0
292,36.0,12.875,293,2,0.0,SC/Paris 2163,0,0,1,0,0,0,1,0,0,0,1,1,0,0,0,0
293,24.0,8.85,294,3,0.0,349236,0,1,0,0,0,0,0,0,1,1,1,0,0,0,0,0
294,24.0,7.8958,295,3,0.0,349233,0,0,1,0,0,0,0,0,1,0,1,0,0,0,0,0
295,40.0,27.7208,296,1,0.0,PC 17612,0,0,1,0,0,0,1,0,0,0,1,0,0,0,0,0
296,23.5,7.2292,297,3,0.0,2693,0,0,1,0,0,0,1,0,0,0,1,0,0,0,0,0
297,2.0,151.55,298,1,0.0,113781,0,1,0,0,0,0,0,0,1,1,0,1,1,1,0,0
298,40.0,30.5,299,1,1.0,19988,0,0,1,0,0,0,0,0,1,0,1,1,0,0,0,0
299,50.0,247.5208,300,1,1.0,PC 17558,0,0,0,1,0,0,1,0,0,1,0,1,0,1,0,1
300,18.0,7.75,301,3,1.0,9234,0,1,0,0,0,0,0,1,0,1,1,0,0,0,0,0
301,26.0,23.25,302,3,1.0,367226,0,0,1,0,0,0,0,1,0,0,0,0,0,0,0,0
302,19.0,0.0,303,3,0.0,LINE,0,0,1,0,0,0,0,0,1,0,1,0,0,0,0,0
303,24.0,12.35,304,2,1.0,226593,0,1,0,0,0,0,0,1,0,1,1,1,0,0,0,0
304,26.0,8.05,305,3,0.0,A/5 2466,0,0,1,0,0,0,0,0,1,0,1,0,0,0,0,0
305,0.92,151.55,306,1,1.0,113781,1,0,0,0,0,0,0,0,1,0,0,1,1,1,0,0
306,30.0,110.8833,307,1,1.0,17421,0,1,0,0,0,0,1,0,0,1,1,0,0,1,0,0
307,17.0,108.9,308,1,1.0,PC 17758,0,0,0,1,0,0,1,0,0,1,0,1,0,1,0,0
308,30.0,24.0,309,2,0.0,P/PP 3381,0,0,1,0,0,0,1,0,0,0,0,0,0,0,0,0
309,30.0,56.9292,310,1,1.0,PC 17485,0,1,0,0,0,0,1,0,0,1,1,1,0,1,0,0
310,24.0,83.1583,311,1,1.0,11767,0,1,0,0,0,0,1,0,0,1,1,1,0,1,0,0
311,18.0,262.375,312,1,1.0,PC 17608,0,1,0,0,0,0,1,0,0,1,0,1,0,1,0,1
312,26.0,26.0,313,2,0.0,250651,0,0,0,1,0,0,0,0,1,1,0,0,0,0,0,1
313,28.0,7.8958,314,3,0.0,349243,0,0,1,0,0,0,0,0,1,0,1,0,0,0,0,0
314,43.0,26.25,315,2,0.0,F.C.C. 13529,0,0,1,0,0,0,0,0,1,0,0,0,0,0,1,0
315,26.0,7.8542,316,3,1.0,347470,0,1,0,0,0,0,0,0,1,1,1,0,0,0,0,0
316,24.0,26.0,317,2,1.0,244367,0,0,0,1,0,0,0,0,1,1,0,0,0,0,0,0
317,54.0,14.0,318,2,0.0,29011,0,0,0,0,1,0,0,0,1,0,1,0,0,0,0,0
318,31.0,164.8667,319,1,1.0,36928,0,1,0,0,0,0,0,0,1,1,0,1,0,1,0,1
319,40.0,134.5,320,1,1.0,16966,0,0,0,1,0,0,1,0,0,1,0,1,0,1,0,1
320,22.0,7.25,321,3,0.0,A/5 21172,0,0,1,0,0,0,0,0,1,0,1,0,0,0,0,0
321,27.0,7.8958,322,3,0.0,349219,0,0,1,0,0,0,0,0,1,0,1,0,0,0,0,0
322,30.0,12.35,323,2,1.0,234818,0,1,0,0,0,0,0,1,0,1,1,0,0,0,0,0
323,22.0,29.0,324,2,1.0,248738,0,0,0,1,0,0,0,0,1,1,0,0,0,0,0,1
324,26.0,69.55,325,3,0.0,CA. 2343,0,0,1,0,0,0,0,0,1,0,0,0,0,0,1,0
325,36.0,135.6333,326,1,1.0,PC 17760,0,1,0,0,0,0,1,0,0,1,1,1,0,1,0,0
326,61.0,6.2375,327,3,0.0,345364,0,0,1,0,0,0,0,0,1,0,1,0,0,0,0,0
327,36.0,13.0,328,2,1.0,28551,0,0,0,1,0,0,0,0,1,1,1,1,0,0,0,0
328,31.0,20.525,329,3,1.0,363291,0,0,0,1,0,0,0,0,1,1,0,0,0,0,0,1
329,16.0,57.9792,330,1,1.0,111361,0,1,0,0,0,0,1,0,0,1,0,1,0,1,0,0
330,18.0,23.25,331,3,1.0,367226,0,1,0,0,0,0,0,1,0,1,0,0,0,0,0,0
331,45.5,28.5,332,1,0.0,113043,0,0,1,0,0,0,0,0,1,0,1,1,0,0,0,0
332,38.0,153.4625,333,1,0.0,PC 17582,0,0,1,0,0,0,0,0,1,0,0,1,0,1,1,0
333,16.0,18.0,334,3,0.0,345764,0,0,1,0,0,0,0,0,1,0,0,0,0,0,0,0
334,40.0,133.65,335,1,1.0,PC 17611,0,0,0,1,0,0,0,0,1,1,0,0,0,1,0,0
335,26.0,7.8958,336,3,0.0,349225,0,0,1,0,0,0,0,0,1,0,1,0,0,0,0,0
336,29.0,66.6,337,1,0.0,113776,0,0,1,0,0,0,0,0,1,0,0,1,0,1,0,0
337,41.0,134.5,338,1,1.0,16966,0,1,0,0,0,0,1,0,0,1,1,1,0,1,0,0
338,45.0,8.05,339,3,1.0,7598,0,0,1,0,0,0,0,0,1,0,1,0,0,0,0,0
339,45.0,35.5,340,1,0.0,113784,0,0,1,0,0,0,0,0,1,0,1,1,0,0,0,0
340,2.0,26.0,341,2,1.0,230080,1,0,0,0,0,0,0,0,1,0,0,1,1,0,0,0
341,24.0,263.0,342,1,1.0,19950,0,1,0,0,0,0,0,0,1,1,0,1,0,1,0,1
342,28.0,13.0,343,2,0.0,248740,0,0,1,0,0,0,0,0,1,0,1,0,0,0,0,0
343,25.0,13.0,344,2,0.0,244361,0,0,1,0,0,0,0,0,1,0,1,0,0,0,0,0
344,36.0,13.0,345,2,0.0,229236,0,0,1,0,0,0,0,0,1,0,1,0,0,0,0,0
345,24.0,13.0,346,2,1.0,248733,0,1,0,0,0,0,0,0,1,1,1,1,0,0,0,0
346,40.0,13.0,347,2,1.0,31418,0,1,0,0,0,0,0,0,1,1,1,0,0,0,0,0
347,31.0,16.1,348,3,1.0,386525,0,0,0,1,0,0,0,0,1,1,0,0,0,0,0,0
348,3.0,15.9,349,3,1.0,C.A. 37671,1,0,0,0,0,0,0,0,1,0,0,0,1,0,0,0
349,42.0,8.6625,350,3,0.0,315088,0,0,1,0,0,0,0,0,1,0,1,0,0,0,0,0
350,23.0,9.225,351,3,0.0,7267,0,0,1,0,0,0,0,0,1,0,1,0,0,0,0,0
351,40.0,35.0,352,1,0.0,113510,0,0,1,0,0,0,0,0,1,0,1,1,0,0,0,0
352,15.0,7.2292,353,3,0.0,2695,0,0,1,0,0,0,1,0,0,0,0,0,0,0,0,0
353,25.0,17.8,354,3,0.0,349237,0,0,1,0,0,0,0,0,1,0,0,0,0,0,0,0
354,26.0,7.225,355,3,0.0,2647,0,0,1,0,0,0,1,0,0,0,1,0,0,0,0,0
355,28.0,9.5,356,3,0.0,345783,0,0,1,0,0,0,0,0,1,0,1,0,0,0,0,0
356,22.0,55.0,357,1,1.0,113505,0,1,0,0,0,0,0,0,1,1,0,1,0,1,0,1
357,38.0,13.0,358,2,0.0,237671,0,1,0,0,0,0,0,0,1,1,1,0,0,0,0,0
358,18.0,7.8792,359,3,1.0,330931,0,1,0,0,0,0,0,1,0,1,1,0,0,0,0,0
359,18.0,7.8792,360,3,1.0,330980,0,1,0,0,0,0,0,1,0,1,1,0,0,0,0,0
360,40.0,27.9,361,3,0.0,347088,0,0,1,0,0,0,0,0,1,0,0,0,0,0,1,0
361,29.0,27.7208,362,2,0.0,SC/PARIS 2167,0,0,1,0,0,0,1,0,0,0,0,0,0,0,0,0
362,45.0,14.4542,363,3,0.0,2691,0,0,0,1,0,0,1,0,0,1,0,0,0,0,0,1
363,35.0,7.05,364,3,0.0,SOTON/O.Q. 3101310,0,0,1,0,0,0,0,0,1,0,1,0,0,0,0,0
364,26.0,15.5,365,3,0.0,370365,0,0,1,0,0,0,0,1,0,0,0,0,0,0,0,0
365,30.0,7.25,366,3,0.0,C 7076,0,0,1,0,0,0,0,0,1,0,1,0,0,0,0,0
366,60.0,75.25,367,1,1.0,110813,0,0,0,1,0,0,1,0,0,1,0,1,0,1,0,0
367,31.0,7.2292,368,3,1.0,2626,0,0,0,1,0,0,1,0,0,1,1,0,0,0,0,0
368,18.0,7.75,369,3,1.0,14313,0,1,0,0,0,0,0,1,0,1,1,0,0,0,0,0
369,24.0,69.3,370,1,1.0,PC 17477,0,0,0,1,0,0,1,0,0,1,1,1,0,1,0,0
370,25.0,55.4417,371,1,1.0,11765,0,0,1,0,0,0,1,0,0,0,0,1,0,1,0,0
371,18.0,6.4958,372,3,0.0,3101267,0,0,1,0,0,0,0,0,1,0,0,0,0,0,0,0
372,19.0,8.05,373,3,0.0,323951,0,0,1,0,0,0,0,0,1,0,1,0,0,0,0,0
373,22.0,135.6333,374,1,0.0,PC 17760,0,0,1,0,0,0,1,0,0,0,1,0,0,1,0,0
374,3.0,21.075,375,3,0.0,349909,0,1,0,0,0,0,0,0,1,1,0,0,1,0,0,0
375,40.0,82.1708,376,1,1.0,PC 17604,0,0,0,1,0,0,1,0,0,1,0,0,0,1,0,0
376,22.0,7.25,377,3,1.0,C 7077,0,1,0,0,0,0,0,0,1,1,1,0,0,0,0,0
377,27.0,211.5,378,1,0.0,113503,0,0,1,0,0,0,1,0,0,0,0,1,0,1,1,0
378,20.0,4.0125,379,3,0.0,2648,0,0,1,0,0,0,1,0,0,0,1,0,0,0,0,0
379,19.0,7.775,380,3,0.0,347069,0,0,1,0,0,0,0,0,1,0,1,0,0,0,0,0
380,42.0,227.525,381,1,1.0,PC 17757,0,1,0,0,0,0,1,0,0,1,1,0,0,1,0,0
381,1.0,15.7417,382,3,1.0,2653,0,1,0,0,0,0,1,0,0,1,0,0,1,0,0,0
382,32.0,7.925,383,3,0.0,STON/O 2. 3101293,0,0,1,0,0,0,0,0,1,0,1,0,0,0,0,0
383,35.0,52.0,384,1,1.0,113789,0,0,0,1,0,0,0,0,1,1,0,0,0,1,0,0
384,26.0,7.8958,385,3,0.0,349227,0,0,1,0,0,0,0,0,1,0,1,0,0,0,0,0
385,18.0,73.5,386,2,0.0,S.O.C. 14879,0,0,1,0,0,0,0,0,1,0,1,0,0,0,0,0
386,1.0,46.9,387,3,0.0,CA 2144,1,0,0,0,0,0,0,0,1,0,0,0,1,0,0,0
387,36.0,13.0,388,2,1.0,27849,0,1,0,0,0,0,0,0,1,1,1,0,0,0,0,0
388,26.0,7.7292,389,3,0.0,367655,0,0,1,0,0,0,0,1,0,0,1,0,0,0,0,0
389,17.0,12.0,390,2,1.0,SC 1748,0,1,0,0,0,0,1,0,0,1,1,0,0,0,0,0
390,36.0,120.0,391,1,1.0,113760,0,0,1,0,0,0,0,0,1,0,0,1,0,1,1,0
391,21.0,7.7958,392,3,1.0,350034,0,0,1,0,0,0,0,0,1,0,1,0,0,0,0,0
392,28.0,7.925,393,3,0.0,3101277,0,0,1,0,0,0,0,0,1,0,0,0,0,0,0,0
393,23.0,113.275,394,1,1.0,35273,0,1,0,0,0,0,1,0,0,1,0,1,0,1,0,0
394,24.0,16.7,395,3,1.0,PP 9549,0,0,0,1,0,0,0,0,1,1,0,1,0,0,0,1
395,22.0,7.7958,396,3,0.0,350052,0,0,1,0,0,0,0,0,1,0,1,0,0,0,0,0
396,31.0,7.8542,397,3,0.0,350407,0,1,0,0,0,0,0,0,1,1,1,0,0,0,0,0
397,46.0,26.0,398,2,0.0,28403,0,0,1,0,0,0,0,0,1,0,1,0,0,0,0,0
398,23.0,10.5,399,2,0.0,244278,0,0,0,0,1,0,0,0,1,0,1,0,0,0,0,0
399,28.0,12.65,400,2,1.0,240929,0,0,0,1,0,0,0,0,1,1,1,0,0,0,0,0
400,39.0,7.925,401,3,1.0,STON/O 2. 3101289,0,0,1,0,0,0,0,0,1,0,1,0,0,0,0,0
401,26.0,8.05,402,3,0.0,341826,0,0,1,0,0,0,0,0,1,0,1,0,0,0,0,0
402,21.0,9.825,403,3,0.0,4137,0,1,0,0,0,0,0,0,1,1,0,0,0,0,0,0
403,28.0,15.85,404,3,0.0,STON/O2. 3101279,0,0,1,0,0,0,0,0,1,0,0,0,0,0,0,0
404,20.0,8.6625,405,3,0.0,315096,0,1,0,0,0,0,0,0,1,1,1,0,0,0,0,0
405,34.0,21.0,406,2,0.0,28664,0,0,1,0,0,0,0,0,1,0,0,0,0,0,0,0
406,51.0,7.75,407,3,0.0,347064,0,0,1,0,0,0,0,0,1,0,1,0,0,0,0,0
407,3.0,18.75,408,2,1.0,29106,1,0,0,0,0,0,0,0,1,0,0,0,1,0,0,0
408,21.0,7.775,409,3,0.0,312992,0,0,1,0,0,0,0,0,1,0,1,0,0,0,0,0
409,18.0,25.4667,410,3,0.0,4133,0,1,0,0,0,0,0,0,1,1,0,0,0,0,0,1
410,26.0,7.8958,411,3,0.0,349222,0,0,1,0,0,0,0,0,1,0,1,0,0,0,0,0
411,26.0,6.8583,412,3,0.0,394140,0,0,1,0,0,0,0,1,0,0,1,0,0,0,0,0
412,33.0,90.0,413,1,1.0,19928,0,1,0,0,0,0,0,1,0,1,0,1,0,1,0,0
413,31.0,0.0,414,2,0.0,239853,0,0,1,0,0,0,0,0,1,0,1,0,0,0,0,0
414,44.0,7.925,415,3,1.0,STON/O 2. 3101269,0,0,1,0,0,0,0,0,1,0,1,0,0,0,0,0
415,31.0,8.05,416,3,0.0,343095,0,0,0,1,0,0,0,0,1,1,1,0,0,0,0,0
416,34.0,32.5,417,2,1.0,28220,0,0,0,1,0,0,0,0,1,1,0,0,0,0,0,1
417,18.0,13.0,418,2,1.0,250652,0,1,0,0,0,0,0,0,1,1,0,0,0,0,0,1
418,30.0,13.0,419,2,0.0,28228,0,0,1,0,0,0,0,0,1,0,1,0,0,0,0,0
419,10.0,24.15,420,3,0.0,345773,0,1,0,0,0,0,0,0,1,1,0,0,1,0,0,0
420,26.0,7.8958,421,3,0.0,349254,0,0,1,0,0,0,1,0,0,0,1,0,0,0,0,0
421,21.0,7.7333,422,3,0.0,A/5. 13032,0,0,1,0,0,0,0,1,0,0,1,0,0,0,0,0
422,29.0,7.875,423,3,0.0,315082,0,0,1,0,0,0,0,0,1,0,1,0,0,0,0,0
423,28.0,14.4,424,3,0.0,347080,0,0,0,1,0,0,0,0,1,1,0,0,0,0,0,1
424,18.0,20.2125,425,3,0.0,370129,0,0,1,0,0,0,0,0,1,0,0,0,0,0,1,0
425,26.0,7.25,426,3,0.0,A/4. 34244,0,0,1,0,0,0,0,0,1,0,1,0,0,0,0,0
426,28.0,26.0,427,2,1.0,2003,0,0,0,1,0,0,0,0,1,1,0,0,0,0,0,0
427,19.0,26.0,428,2,1.0,250655,0,1,0,0,0,0,0,0,1,1,1,0,0,0,0,0
428,26.0,7.75,429,3,0.0,364851,0,0,1,0,0,0,0,1,0,0,1,0,0,0,0,0
429,32.0,8.05,430,3,1.0,SOTON/O.Q. 392078,0,0,1,0,0,0,0,0,1,0,1,1,0,0,0,0
430,28.0,26.55,431,1,1.0,110564,0,0,1,0,0,0,0,0,1,0,1,1,0,0,0,0
431,31.0,16.1,432,3,1.0,376564,0,0,0,1,0,0,0,0,1,1,0,0,0,0,0,0
432,42.0,26.0,433,2,1.0,SC/AH 3085,0,0,0,1,0,0,0,0,1,1,0,0,0,0,0,0
433,17.0,7.125,434,3,0.0,STON/O 2. 3101274,0,0,1,0,0,0,0,0,1,0,1,0,0,0,0,0
434,50.0,55.9,435,1,0.0,13507,0,0,1,0,0,0,0,0,1,0,0,1,0,1,0,0
435,14.0,120.0,436,1,1.0,113760,0,1,0,0,0,0,0,0,1,1,0,1,0,1,0,0
436,21.0,34.375,437,3,0.0,W./C. 6608,0,1,0,0,0,0,0,0,1,1,0,0,0,0,0,1
437,24.0,18.75,438,2,1.0,29106,0,0,0,1,0,0,0,0,1,1,0,0,0,0,0,1
438,64.0,263.0,439,1,0.0,19950,0,0,1,0,0,0,0,0,1,0,0,1,0,1,1,0
439,31.0,10.5,440,2,0.0,C.A. 18723,0,0,1,0,0,0,0,0,1,0,1,0,0,0,0,0
440,45.0,26.25,441,2,1.0,F.C.C. 13529,0,0,0,1,0,0,0,0,1,1,0,0,0,0,0,1
441,20.0,9.5,442,3,0.0,345769,0,0,1,0,0,0,0,0,1,0,1,0,0,0,0,0
442,25.0,7.775,443,3,0.0,347076,0,0,1,0,0,0,0,0,1,0,0,0,0,0,0,0
443,28.0,13.0,444,2,1.0,230434,0,0,0,1,0,0,0,0,1,1,1,0,0,0,0,0
444,26.0,8.1125,445,3,1.0,65306,0,0,1,0,0,0,0,0,1,0,1,0,0,0,0,0
445,4.0,81.8583,446,1,1.0,33638,1,0,0,0,0,0,0,0,1,0,0,1,1,1,0,0
446,13.0,19.5,447,2,1.0,250644,0,1,0,0,0,0,0,0,1,1,0,0,0,0,0,0
447,34.0,26.55,448,1,1.0,113794,0,0,1,0,0,0,0,0,1,0,1,0,0,0,0,0
448,5.0,19.2583,449,3,1.0,2666,0,1,0,0,0,0,1,0,0,1,0,0,1,0,0,0
449,52.0,30.5,450,1,1.0,113786,0,0,0,0,1,0,0,0,1,0,1,1,0,0,0,0
450,36.0,27.75,451,2,0.0,C.A. 34651,0,0,1,0,0,0,0,0,1,0,0,0,0,0,1,0
451,26.0,19.9667,452,3,0.0,65303,0,0,1,0,0,0,0,0,1,0,0,0,0,0,0,0
452,30.0,27.75,453,1,0.0,113051,0,0,1,0,0,0,1,0,0,0,1,1,0,0,0,0
453,49.0,89.1042,454,1,1.0,17453,0,0,1,0,0,0,1,0,0,0,0,1,0,1,0,0
454,26.0,8.05,455,3,0.0,A/5 2817,0,0,1,0,0,0,0,0,1,0,1,0,0,0,0,0
455,29.0,7.8958,456,3,1.0,349240,0,0,1,0,0,0,1,0,0,0,1,0,0,0,0,0
456,65.0,26.55,457,1,0.0,13509,0,0,1,0,0,0,0,0,1,0,1,1,0,0,0,0
457,40.0,51.8625,458,1,1.0,17464,0,0,0,1,0,0,0,0,1,1,0,1,0,1,0,0
458,50.0,10.5,459,2,1.0,F.C.C. 13531,0,1,0,0,0,0,0,0,1,1,1,0,0,0,0,0
459,26.0,7.75,460,3,0.0,371060,0,0,1,0,0,0,0,1,0,0,1,0,0,0,0,0
460,48.0,26.55,461,1,1.0,19952,0,0,1,0,0,0,0,0,1,0,1,1,0,0,0,0
461,34.0,8.05,462,3,0.0,364506,0,0,1,0,0,0,0,0,1,0,1,0,0,0,0,0
462,47.0,38.5,463,1,0.0,111320,0,0,1,0,0,0,0,0,1,0,1,1,0,0,0,0
463,48.0,13.0,464,2,0.0,234360,0,0,1,0,0,0,0,0,1,0,1,0,0,0,0,0
464,26.0,8.05,465,3,0.0,A/S 2816,0,0,1,0,0,0,0,0,1,0,1,0,0,0,0,0
465,38.0,7.05,466,3,0.0,SOTON/O.Q. 3101306,0,0,1,0,0,0,0,0,1,0,1,0,0,0,0,0
466,31.0,0.0,467,2,0.0,239853,0,0,1,0,0,0,0,0,1,0,1,0,0,0,0,0
467,56.0,26.55,468,1,0.0,113792,0,0,1,0,0,0,0,0,1,0,1,0,0,0,0,0
468,26.0,7.725,469,3,0.0,36209,0,0,1,0,0,0,0,1,0,0,1,0,0,0,0,0
469,0.75,19.2583,470,3,1.0,2666,0,1,0,0,0,0,1,0,0,1,0,0,1,0,0,0
470,26.0,7.25,471,3,0.0,323592,0,0,1,0,0,0,0,0,1,0,1,0,0,0,0,0
471,38.0,8.6625,472,3,0.0,315089,0,0,1,0,0,0,0,0,1,0,1,0,0,0,0,0
472,33.0,27.75,473,2,1.0,C.A. 34651,0,0,0,1,0,0,0,0,1,1,0,0,0,0,0,1
473,23.0,13.7917,474,2,1.0,SC/AH Basle 541,0,0,0,1,0,0,1,0,0,1,1,1,0,0,0,0
474,22.0,9.8375,475,3,0.0,7553,0,1,0,0,0,0,0,0,1,1,1,0,0,0,0,0
475,40.0,52.0,476,1,0.0,110465,0,0,1,0,0,0,0,0,1,0,1,1,0,1,0,0
476,34.0,21.0,477,2,0.0,31027,0,0,1,0,0,0,0,0,1,0,0,0,0,0,0,0
477,29.0,7.0458,478,3,0.0,3460,0,0,1,0,0,0,0,0,1,0,0,0,0,0,0,0
478,22.0,7.5208,479,3,0.0,350060,0,0,1,0,0,0,0,0,1,0,1,0,0,0,0,0
479,2.0,12.2875,480,3,1.0,3101298,0,1,0,0,0,0,0,0,1,1,0,0,1,0,0,0
480,9.0,46.9,481,3,0.0,CA 2144,1,0,0,0,0,0,0,0,1,0,0,0,1,0,0,0
481,31.0,0.0,482,2,0.0,239854,0,0,1,0,0,0,0,0,1,0,1,0,0,0,0,0
482,50.0,8.05,483,3,0.0,A/5 3594,0,0,1,0,0,0,0,0,1,0,1,0,0,0,0,0
483,63.0,9.5875,484,3,1.0,4134,0,0,0,1,0,0,0,0,1,1,1,0,0,0,0,0
484,25.0,91.0792,485,1,1.0,11967,0,0,1,0,0,0,1,0,0,0,0,1,0,1,0,0
485,18.0,25.4667,486,3,0.0,4133,0,1,0,0,0,0,0,0,1,1,0,0,0,0,0,1
486,35.0,90.0,487,1,1.0,19943,0,0,0,1,0,0,0,0,1,1,0,1,0,1,0,0
487,58.0,29.7,488,1,0.0,11771,0,0,1,0,0,0,1,0,0,0,1,1,0,0,0,0
488,30.0,8.05,489,3,0.0,A.5. 18509,0,0,1,0,0,0,0,0,1,0,1,0,0,0,0,0
489,9.0,15.9,490,3,1.0,C.A. 37671,1,0,0,0,0,0,0,0,1,0,0,0,1,0,0,0
490,26.0,19.9667,491,3,0.0,65304,0,0,1,0,0,0,0,0,1,0,0,0,0,0,0,0
491,21.0,7.25,492,3,0.0,SOTON/OQ 3101317,0,0,1,0,0,0,0,0,1,0,1,0,0,0,0,0
492,55.0,30.5,493,1,0.0,113787,0,0,1,0,0,0,0,0,1,0,1,1,0,0,0,0
493,71.0,49.5042,494,1,0.0,PC 17609,0,0,1,0,0,0,1,0,0,0,1,0,0,0,0,0
494,21.0,8.05,495,3,0.0,A/4 45380,0,0,1,0,0,0,0,0,1,0,1,0,0,0,0,0
495,26.0,14.4583,496,3,0.0,2627,0,0,1,0,0,0,1,0,0,0,1,0,0,0,0,0
496,54.0,78.2667,497,1,1.0,36947,0,1,0,0,0,0,1,0,0,1,0,1,0,1,0,0
497,26.0,15.1,498,3,0.0,C.A. 6212,0,0,1,0,0,0,0,0,1,0,1,0,0,0,0,0
498,25.0,151.55,499,1,0.0,113781,0,0,0,1,0,0,0,0,1,1,0,1,0,1,0,1
499,24.0,7.7958,500,3,0.0,350035,0,0,1,0,0,0,0,0,1,0,1,0,0,0,0,0
500,17.0,8.6625,501,3,0.0,315086,0,0,1,0,0,0,0,0,1,0,1,0,0,0,0,0
501,21.0,7.75,502,3,0.0,364846,0,1,0,0,0,0,0,1,0,1,1,0,0,0,0,0
502,18.0,7.6292,503,3,0.0,330909,0,1,0,0,0,0,0,1,0,1,1,0,0,0,0,0
503,37.0,9.5875,504,3,0.0,4135,0,1,0,0,0,0,0,0,1,1,1,0,0,0,0,0
504,16.0,86.5,505,1,1.0,110152,0,1,0,0,0,0,0,0,1,1,1,1,0,1,0,0
505,18.0,108.9,506,1,0.0,PC 17758,0,0,1,0,0,0,1,0,0,0,0,1,0,1,0,0
506,33.0,26.0,507,2,1.0,26360,0,0,0,1,0,0,0,0,1,1,0,0,0,0,0,1
507,40.0,26.55,508,1,1.0,111427,0,0,1,0,0,0,0,0,1,0,1,0,0,0,0,0
508,28.0,22.525,509,3,0.0,C 4001,0,0,1,0,0,0,0,0,1,0,1,0,0,0,0,0
509,26.0,56.4958,510,3,1.0,1601,0,0,1,0,0,0,0,0,1,0,1,0,0,0,0,0
510,29.0,7.75,511,3,1.0,382651,0,0,1,0,0,0,0,1,0,0,1,0,0,0,0,0
511,26.0,8.05,512,3,0.0,SOTON/OQ 3101316,0,0,1,0,0,0,0,0,1,0,1,0,0,0,0,0
512,36.0,26.2875,513,1,1.0,PC 17473,0,0,1,0,0,0,0,0,1,0,1,1,0,0,0,0
513,54.0,59.4,514,1,1.0,PC 17603,0,0,0,1,0,0,1,0,0,1,0,0,0,1,0,0
514,24.0,7.4958,515,3,0.0,349209,0,0,1,0,0,0,0,0,1,0,1,0,0,0,0,0
515,47.0,34.0208,516,1,0.0,36967,0,0,1,0,0,0,0,0,1,0,1,1,0,0,0,0
516,34.0,10.5,517,2,1.0,C.A. 34260,0,0,0,1,0,0,0,0,1,1,1,1,0,0,0,0
517,26.0,24.15,518,3,0.0,371110,0,0,1,0,0,0,0,1,0,0,1,0,0,0,0,0
518,36.0,26.0,519,2,1.0,226875,0,0,0,1,0,0,0,0,1,1,0,0,0,0,0,0
519,32.0,7.8958,520,3,0.0,349242,0,0,1,0,0,0,0,0,1,0,1,0,0,0,0,0
520,30.0,93.5,521,1,1.0,12749,0,1,0,0,0,0,0,0,1,1,1,1,0,1,0,0
521,22.0,7.8958,522,3,0.0,349252,0,0,1,0,0,0,0,0,1,0,1,0,0,0,0,0
522,26.0,7.225,523,3,0.0,2624,0,0,1,0,0,0,1,0,0,0,1,0,0,0,0,0
523,44.0,57.9792,524,1,1.0,111361,0,0,0,1,0,0,1,0,0,1,0,1,0,1,0,1
524,26.0,7.2292,525,3,0.0,2700,0,0,1,0,0,0,1,0,0,0,1,0,0,0,0,0
525,40.5,7.75,526,3,0.0,367232,0,0,1,0,0,0,0,1,0,0,1,0,0,0,0,0
526,50.0,10.5,527,2,1.0,W./C. 14258,0,1,0,0,0,0,0,0,1,1,1,0,0,0,0,0
527,40.0,221.7792,528,1,0.0,PC 17483,0,0,1,0,0,0,0,0,1,0,1,1,0,1,0,0
528,39.0,7.925,529,3,0.0,3101296,0,0,1,0,0,0,0,0,1,0,1,0,0,0,0,0
529,23.0,11.5,530,2,0.0,29104,0,0,1,0,0,0,0,0,1,0,0,0,0,0,1,0
530,2.0,26.0,531,2,1.0,26360,0,1,0,0,0,0,0,0,1,1,0,0,1,0,0,0
531,26.0,7.2292,532,3,0.0,2641,0,0,1,0,0,0,1,0,0,0,1,0,0,0,0,0
532,17.0,7.2292,533,3,0.0,2690,0,0,1,0,0,0,1,0,0,0,0,0,0,0,0,0
533,31.0,22.3583,534,3,1.0,2668,0,0,0,1,0,0,1,0,0,1,0,0,0,0,0,1
534,30.0,8.6625,535,3,0.0,315084,0,1,0,0,0,0,0,0,1,1,1,0,0,0,0,0
535,7.0,26.25,536,2,1.0,F.C.C. 13529,0,1,0,0,0,0,0,0,1,1,0,0,1,0,0,0
536,45.0,26.55,537,1,0.0,113050,0,0,0,0,1,0,0,0,1,0,1,1,0,0,0,0
537,30.0,106.425,538,1,1.0,PC 17761,0,1,0,0,0,0,1,0,0,1,1,0,0,1,0,0
538,26.0,14.5,539,3,0.0,364498,0,0,1,0,0,0,0,0,1,0,1,0,0,0,0,0
539,22.0,49.5,540,1,1.0,13568,0,1,0,0,0,0,1,0,0,1,0,1,0,0,0,1
540,36.0,71.0,541,1,1.0,WE/P 5735,0,1,0,0,0,0,0,0,1,1,0,1,0,1,0,1
541,9.0,31.275,542,3,0.0,347082,0,1,0,0,0,0,0,0,1,1,0,0,1,0,0,0
542,11.0,31.275,543,3,0.0,347082,0,1,0,0,0,0,0,0,1,1,0,0,1,0,0,0
543,32.0,26.0,544,2,1.0,2908,0,0,1,0,0,0,0,0,1,0,0,0,0,0,0,0
544,50.0,106.425,545,1,0.0,PC 17761,0,0,1,0,0,0,1,0,0,0,0,1,0,1,0,0
545,64.0,26.0,546,1,0.0,693,0,0,1,0,0,0,0,0,1,0,1,0,0,0,0,0
546,19.0,26.0,547,2,1.0,2908,0,0,0,1,0,0,0,0,1,1,0,0,0,0,0,0
547,31.0,13.8625,548,2,1.0,SC/PARIS 2146,0,0,1,0,0,0,1,0,0,0,1,0,0,0,0,0
548,33.0,20.525,549,3,0.0,363291,0,0,1,0,0,0,0,0,1,0,0,0,0,0,1,0
549,8.0,36.75,550,2,1.0,C.A. 33112,1,0,0,0,0,0,0,0,1,0,0,0,1,0,0,0
550,17.0,110.8833,551,1,1.0,17421,0,0,1,0,0,0,1,0,0,0,0,1,0,1,0,0
551,27.0,26.0,552,2,0.0,244358,0,0,1,0,0,0,0,0,1,0,1,0,0,0,0,0
552,26.0,7.8292,553,3,0.0,330979,0,0,1,0,0,0,0,1,0,0,1,0,0,0,0,0
553,22.0,7.225,554,3,1.0,2620,0,0,1,0,0,0,1,0,0,0,1,0,0,0,0,0
554,22.0,7.775,555,3,1.0,347085,0,1,0,0,0,0,0,0,1,1,1,0,0,0,0,0
555,62.0,26.55,556,1,0.0,113807,0,0,1,0,0,0,0,0,1,0,1,0,0,0,0,0
556,48.0,39.6,557,1,1.0,11755,0,0,0,0,0,1,1,0,0,1,0,1,0,0,0,0
557,40.0,227.525,558,1,0.0,PC 17757,0,0,1,0,0,0,1,0,0,0,1,0,0,1,0,0
558,39.0,79.65,559,1,1.0,110413,0,0,0,1,0,0,0,0,1,1,0,1,0,1,0,1
559,36.0,17.4,560,3,1.0,345572,0,0,0,1,0,0,0,0,1,1,0,0,0,0,0,0
560,26.0,7.75,561,3,0.0,372622,0,0,1,0,0,0,0,1,0,0,1,0,0,0,0,0
561,40.0,7.8958,562,3,0.0,349251,0,0,1,0,0,0,0,0,1,0,1,0,0,0,0,0
562,28.0,13.5,563,2,0.0,218629,0,0,1,0,0,0,0,0,1,0,1,0,0,0,0,0
563,26.0,8.05,564,3,0.0,SOTON/OQ 392082,0,0,1,0,0,0,0,0,1,0,1,0,0,0,0,0
564,18.0,8.05,565,3,0.0,SOTON/O.Q. 392087,0,1,0,0,0,0,0,0,1,1,1,0,0,0,0,0
565,24.0,24.15,566,3,0.0,A/4 48871,0,0,1,0,0,0,0,0,1,0,0,0,0,0,0,0
566,19.0,7.8958,567,3,0.0,349205,0,0,1,0,0,0,0,0,1,0,1,0,0,0,0,0
567,29.0,21.075,568,3,0.0,349909,0,0,0,1,0,0,0,0,1,1,0,0,0,0,0,1
568,26.0,7.2292,569,3,0.0,2686,0,0,1,0,0,0,1,0,0,0,1,0,0,0,0,0
569,32.0,7.8542,570,3,1.0,350417,0,0,1,0,0,0,0,0,1,0,1,0,0,0,0,0
570,62.0,10.5,571,2,1.0,S.W./PP 752,0,0,1,0,0,0,0,0,1,0,1,0,0,0,0,0
571,53.0,51.4792,572,1,1.0,11769,0,0,0,1,0,0,0,0,1,1,0,1,0,1,0,0
572,36.0,26.3875,573,1,1.0,PC 17474,0,0,1,0,0,0,0,0,1,0,1,1,0,0,0,0
573,18.0,7.75,574,3,1.0,14312,0,1,0,0,0,0,0,1,0,1,1,0,0,0,0,0
574,16.0,8.05,575,3,0.0,A/4. 20589,0,0,1,0,0,0,0,0,1,0,1,0,0,0,0,0
575,19.0,14.5,576,3,0.0,358585,0,0,1,0,0,0,0,0,1,0,1,0,0,0,0,0
576,34.0,13.0,577,2,1.0,243880,0,1,0,0,0,0,0,0,1,1,1,0,0,0,0,0
577,39.0,55.9,578,1,1.0,13507,0,0,0,1,0,0,0,0,1,1,0,1,0,1,0,0
578,31.0,14.4583,579,3,0.0,2689,0,0,0,1,0,0,1,0,0,1,0,0,0,0,0,0
579,32.0,7.925,580,3,1.0,STON/O 2. 3101286,0,0,1,0,0,0,0,0,1,0,1,0,0,0,0,0
580,25.0,30.0,581,2,1.0,237789,0,1,0,0,0,0,0,0,1,1,0,0,0,0,0,1
581,39.0,110.8833,582,1,1.0,17421,0,0,0,1,0,0,1,0,0,1,0,1,0,1,0,1
582,54.0,26.0,583,2,0.0,28403,0,0,1,0,0,0,0,0,1,0,1,0,0,0,0,0
583,36.0,40.125,584,1,0.0,13049,0,0,1,0,0,0,1,0,0,0,1,1,0,0,0,0
584,26.0,8.7125,585,3,0.0,3411,0,0,1,0,0,0,1,0,0,0,1,0,0,0,0,0
585,18.0,79.65,586,1,1.0,110413,0,1,0,0,0,0,0,0,1,1,0,1,0,1,0,1
586,47.0,15.0,587,2,0.0,237565,0,0,1,0,0,0,0,0,1,0,1,0,0,0,0,0
587,60.0,79.2,588,1,1.0,13567,0,0,1,0,0,0,1,0,0,0,0,1,0,1,1,0
588,22.0,8.05,589,3,0.0,14973,0,0,1,0,0,0,0,0,1,0,1,0,0,0,0,0
589,26.0,8.05,590,3,0.0,A./5. 3235,0,0,1,0,0,0,0,0,1,0,1,0,0,0,0,0
590,35.0,7.125,591,3,0.0,STON/O 2. 3101273,0,0,1,0,0,0,0,0,1,0,1,0,0,0,0,0
591,52.0,78.2667,592,1,1.0,36947,0,0,0,1,0,0,1,0,0,1,0,1,0,1,0,0
592,47.0,7.25,593,3,0.0,A/5 3902,0,0,1,0,0,0,0,0,1,0,1,0,0,0,0,0
593,18.0,7.75,594,3,0.0,364848,0,1,0,0,0,0,0,1,0,1,0,0,0,0,0,1
594,37.0,26.0,595,2,0.0,SC/AH 29037,0,0,1,0,0,0,0,0,1,0,0,0,0,0,0,0
595,36.0,24.15,596,3,0.0,345773,0,0,1,0,0,0,0,0,1,0,0,0,0,0,1,0
596,24.0,33.0,597,2,1.0,248727,0,1,0,0,0,0,0,0,1,1,1,0,0,0,0,0
597,49.0,0.0,598,3,0.0,LINE,0,0,1,0,0,0,0,0,1,0,1,0,0,0,0,0
598,26.0,7.225,599,3,0.0,2664,0,0,1,0,0,0,1,0,0,0,1,0,0,0,0,0
599,49.0,56.9292,600,1,1.0,PC 17485,0,0,0,0,0,1,1,0,0,0,0,1,0,1,0,0
600,24.0,27.0,601,2,1.0,243847,0,0,0,1,0,0,0,0,1,1,0,0,0,0,0,1
601,26.0,7.8958,602,3,0.0,349214,0,0,1,0,0,0,0,0,1,0,1,0,0,0,0,0
602,40.0,42.4,603,1,0.0,113796,0,0,1,0,0,0,0,0,1,0,1,0,0,0,0,0
603,44.0,8.05,604,3,0.0,364511,0,0,1,0,0,0,0,0,1,0,1,0,0,0,0,0
604,35.0,26.55,605,1,1.0,111426,0,0,1,0,0,0,1,0,0,0,1,0,0,0,0,0
605,36.0,15.55,606,3,0.0,349910,0,0,1,0,0,0,0,0,1,0,0,0,0,0,0,0
606,30.0,7.8958,607,3,0.0,349246,0,0,1,0,0,0,0,0,1,0,1,0,0,0,0,0
607,27.0,30.5,608,1,1.0,113804,0,0,1,0,0,0,0,0,1,0,1,0,0,0,0,0
608,22.0,41.5792,609,2,1.0,SC/Paris 2123,0,0,0,1,0,0,1,0,0,1,0,0,0,0,0,1
609,40.0,153.4625,610,1,1.0,PC 17582,0,1,0,0,0,0,0,0,1,1,1,1,0,1,0,0
610,39.0,31.275,611,3,0.0,347082,0,0,0,1,0,0,0,0,1,1,0,0,0,0,0,1
611,26.0,7.05,612,3,0.0,SOTON/O.Q. 3101305,0,0,1,0,0,0,0,0,1,0,1,0,0,0,0,0
612,18.0,15.5,613,3,1.0,367230,0,1,0,0,0,0,0,1,0,1,0,0,0,0,0,0
613,26.0,7.75,614,3,0.0,370377,0,0,1,0,0,0,0,1,0,0,1,0,0,0,0,0
614,35.0,8.05,615,3,0.0,364512,0,0,1,0,0,0,0,0,1,0,1,0,0,0,0,0
615,24.0,65.0,616,2,1.0,220845,0,1,0,0,0,0,0,0,1,1,0,0,0,0,0,1
616,34.0,14.4,617,3,0.0,347080,0,0,1,0,0,0,0,0,1,0,0,0,0,0,1,0
617,26.0,16.1,618,3,0.0,A/5. 3336,0,0,0,1,0,0,0,0,1,1,0,0,0,0,0,0
618,4.0,39.0,619,2,1.0,230136,0,1,0,0,0,0,0,0,1,1,0,1,1,0,0,0
619,26.0,10.5,620,2,0.0,31028,0,0,1,0,0,0,0,0,1,0,1,0,0,0,0,0
620,27.0,14.4542,621,3,0.0,2659,0,0,1,0,0,0,1,0,0,0,0,0,0,0,0,0
621,42.0,52.5542,622,1,1.0,11753,0,0,1,0,0,0,0,0,1,0,0,1,0,1,0,0
622,20.0,15.7417,623,3,1.0,2653,0,0,1,0,0,0,1,0,0,0,0,0,0,0,1,0
623,21.0,7.8542,624,3,0.0,350029,0,0,1,0,0,0,0,0,1,0,1,0,0,0,0,0
624,21.0,16.1,625,3,0.0,54636,0,0,1,0,0,0,0,0,1,0,1,0,0,0,0,0
625,61.0,32.3208,626,1,0.0,36963,0,0,1,0,0,0,0,0,1,0,1,1,0,0,0,0
626,57.0,12.35,627,2,0.0,219533,0,0,0,0,1,0,0,1,0,0,1,0,0,0,0,0
627,21.0,77.9583,628,1,1.0,13502,0,1,0,0,0,0,0,0,1,1,1,1,0,1,0,0
628,26.0,7.8958,629,3,0.0,349224,0,0,1,0,0,0,0,0,1,0,1,0,0,0,0,0
629,26.0,7.7333,630,3,0.0,334912,0,0,1,0,0,0,0,1,0,0,1,0,0,0,0,0
630,80.0,30.0,631,1,1.0,27042,0,0,1,0,0,0,0,0,1,0,1,1,0,0,0,0
631,51.0,7.0542,632,3,0.0,347743,0,0,1,0,0,0,0,0,1,0,1,0,0,0,0,0
632,32.0,30.5,633,1,1.0,13214,0,0,0,0,1,0,1,0,0,0,1,1,0,0,0,0
633,40.0,0.0,634,1,0.0,112052,0,0,1,0,0,0,0,0,1,0,1,0,0,0,0,0
634,9.0,27.9,635,3,0.0,347088,0,1,0,0,0,0,0,0,1,1,0,0,1,0,0,0
635,28.0,13.0,636,2,1.0,237668,0,1,0,0,0,0,0,0,1,1,1,0,0,0,0,0
636,32.0,7.925,637,3,0.0,STON/O 2. 3101292,0,0,1,0,0,0,0,0,1,0,1,0,0,0,0,0
637,31.0,26.25,638,2,0.0,C.A. 31921,0,0,1,0,0,0,0,0,1,0,0,0,0,0,1,0
638,41.0,39.6875,639,3,0.0,3101295,0,0,0,1,0,0,0,0,1,1,0,0,0,0,0,1
639,26.0,16.1,640,3,0.0,376564,0,0,1,0,0,0,0,0,1,0,0,0,0,0,0,0
640,20.0,7.8542,641,3,0.0,350050,0,0,1,0,0,0,0,0,1,0,1,0,0,0,0,0
641,24.0,69.3,642,1,1.0,PC 17477,0,1,0,0,0,0,1,0,0,1,1,1,0,1,0,0
642,2.0,27.9,643,3,0.0,347088,0,1,0,0,0,0,0,0,1,1,0,0,1,0,0,0
643,26.0,56.4958,644,3,1.0,1601,0,0,1,0,0,0,0,0,1,0,1,0,0,0,0,0
644,0.75,19.2583,645,3,1.0,2666,0,1,0,0,0,0,1,0,0,1,0,0,1,0,0,0
645,48.0,76.7292,646,1,1.0,PC 17572,0,0,1,0,0,0,1,0,0,0,0,1,0,1,0,0
646,19.0,7.8958,647,3,0.0,349231,0,0,1,0,0,0,0,0,1,0,1,0,0,0,0,0
647,56.0,35.5,648,1,1.0,13213,0,0,0,0,1,0,1,0,0,0,1,1,0,0,0,0
648,26.0,7.55,649,3,0.0,S.O./P.P. 751,0,0,1,0,0,0,0,0,1,0,1,0,0,0,0,0
649,23.0,7.55,650,3,1.0,CA. 2314,0,1,0,0,0,0,0,0,1,1,1,0,0,0,0,0
650,26.0,7.8958,651,3,0.0,349221,0,0,1,0,0,0,0,0,1,0,1,0,0,0,0,0
651,18.0,23.0,652,2,1.0,231919,0,1,0,0,0,0,0,0,1,1,0,0,0,0,0,1
652,21.0,8.4333,653,3,0.0,8475,0,0,1,0,0,0,0,0,1,0,1,0,0,0,0,0
653,18.0,7.8292,654,3,1.0,330919,0,1,0,0,0,0,0,1,0,1,1,0,0,0,0,0
654,18.0,6.75,655,3,0.0,365226,0,1,0,0,0,0,0,1,0,1,1,0,0,0,0,0
655,24.0,73.5,656,2,0.0,S.O.C. 14879,0,0,1,0,0,0,0,0,1,0,0,0,0,0,0,0
656,26.0,7.8958,657,3,0.0,349223,0,0,1,0,0,0,0,0,1,0,1,0,0,0,0,0
657,32.0,15.5,658,3,0.0,364849,0,0,0,1,0,0,0,1,0,1,0,0,0,0,0,1
658,23.0,13.0,659,2,0.0,29751,0,0,1,0,0,0,0,0,1,0,1,0,0,0,0,0
659,58.0,113.275,660,1,0.0,35273,0,0,1,0,0,0,1,0,0,0,0,1,0,1,1,0
660,50.0,133.65,661,1,1.0,PC 17611,0,0,0,0,1,0,0,0,1,0,0,0,0,1,0,0
661,40.0,7.225,662,3,0.0,2623,0,0,1,0,0,0,1,0,0,0,1,0,0,0,0,0
662,47.0,25.5875,663,1,0.0,5727,0,0,1,0,0,0,0,0,1,0,1,1,0,0,0,0
663,36.0,7.4958,664,3,0.0,349210,0,0,1,0,0,0,0,0,1,0,1,0,0,0,0,0
664,20.0,7.925,665,3,1.0,STON/O 2. 3101285,0,0,1,0,0,0,0,0,1,0,0,0,0,0,0,0
665,32.0,73.5,666,2,0.0,S.O.C. 14879,0,0,1,0,0,0,0,0,1,0,0,0,0,0,0,0
666,25.0,13.0,667,2,0.0,234686,0,0,1,0,0,0,0,0,1,0,1,0,0,0,0,0
667,26.0,7.775,668,3,0.0,312993,0,0,1,0,0,0,0,0,1,0,1,0,0,0,0,0
668,43.0,8.05,669,3,0.0,A/5 3536,0,0,1,0,0,0,0,0,1,0,1,0,0,0,0,0
669,40.0,52.0,670,1,1.0,19996,0,0,0,1,0,0,0,0,1,1,0,1,0,1,0,0
670,40.0,39.0,671,2,1.0,29750,0,0,0,1,0,0,0,0,1,1,0,0,0,0,0,1
671,31.0,52.0,672,1,0.0,F.C. 12750,0,0,1,0,0,0,0,0,1,0,0,1,0,1,0,0
672,70.0,10.5,673,2,0.0,C.A. 24580,0,0,1,0,0,0,0,0,1,0,1,0,0,0,0,0
673,31.0,13.0,674,2,1.0,244270,0,0,1,0,0,0,0,0,1,0,1,0,0,0,0,0
674,31.0,0.0,675,2,0.0,239856,0,0,1,0,0,0,0,0,1,0,1,0,0,0,0,0
675,18.0,7.775,676,3,0.0,349912,0,0,1,0,0,0,0,0,1,0,1,0,0,0,0,0
676,24.5,8.05,677,3,0.0,342826,0,0,1,0,0,0,0,0,1,0,1,0,0,0,0,0
677,18.0,9.8417,678,3,1.0,4138,0,1,0,0,0,0,0,0,1,1,1,0,0,0,0,0
678,43.0,46.9,679,3,0.0,CA 2144,0,0,0,1,0,0,0,0,1,1,0,0,0,0,0,1
679,36.0,512.3292,680,1,1.0,PC 17755,0,0,1,0,0,0,1,0,0,0,0,1,0,1,1,0
680,18.0,8.1375,681,3,0.0,330935,0,1,0,0,0,0,0,1,0,1,1,0,0,0,0,0
681,27.0,76.7292,682,1,1.0,PC 17572,0,0,1,0,0,0,1,0,0,0,1,1,0,1,0,0
682,20.0,9.225,683,3,0.0,6563,0,0,1,0,0,0,0,0,1,0,1,0,0,0,0,0
683,14.0,46.9,684,3,0.0,CA 2144,0,0,1,0,0,0,0,0,1,0,0,0,0,0,0,0
684,60.0,39.0,685,2,0.0,29750,0,0,1,0,0,0,0,0,1,0,0,0,0,0,1,0
685,25.0,41.5792,686,2,0.0,SC/Paris 2123,0,0,1,0,0,0,1,0,0,0,0,0,0,0,1,0
686,14.0,39.6875,687,3,0.0,3101295,0,0,1,0,0,0,0,0,1,0,0,0,0,0,0,0
687,19.0,10.1708,688,3,0.0,349228,0,0,1,0,0,0,0,0,1,0,1,0,0,0,0,0
688,18.0,7.7958,689,3,0.0,350036,0,0,1,0,0,0,0,0,1,0,1,0,0,0,0,0
689,15.0,211.3375,690,1,1.0,24160,0,1,0,0,0,0,0,0,1,1,0,1,0,1,0,0
690,31.0,57.0,691,1,1.0,17474,0,0,1,0,0,0,0,0,1,0,0,1,0,1,0,0
691,4.0,13.4167,692,3,1.0,349256,0,1,0,0,0,0,1,0,0,1,0,0,1,0,0,0
692,26.0,56.4958,693,3,1.0,1601,0,0,1,0,0,0,0,0,1,0,1,0,0,0,0,0
693,25.0,7.225,694,3,0.0,2672,0,0,1,0,0,0,1,0,0,0,1,0,0,0,0,0
694,60.0,26.55,695,1,0.0,113800,0,0,0,0,1,0,0,0,1,0,1,0,0,0,0,0
695,52.0,13.5,696,2,0.0,248731,0,0,1,0,0,0,0,0,1,0,1,0,0,0,0,0
696,44.0,8.05,697,3,0.0,363592,0,0,1,0,0,0,0,0,1,0,1,0,0,0,0,0
697,18.0,7.7333,698,3,1.0,35852,0,1,0,0,0,0,0,1,0,1,1,0,0,0,0,0
698,49.0,110.8833,699,1,0.0,17421,0,0,1,0,0,0,1,0,0,0,0,1,0,1,1,0
699,42.0,7.65,700,3,0.0,348121,0,0,1,0,0,0,0,0,1,0,1,1,0,0,0,0
700,18.0,227.525,701,1,1.0,PC 17757,0,0,0,1,0,0,1,0,0,1,0,1,0,1,0,0
701,35.0,26.2875,702,1,1.0,PC 17475,0,0,1,0,0,0,0,0,1,0,1,1,0,0,0,0
702,18.0,14.4542,703,3,0.0,2691,0,1,0,0,0,0,1,0,0,1,0,0,0,0,0,1
703,25.0,7.7417,704,3,0.0,36864,0,0,1,0,0,0,0,1,0,0,1,0,0,0,0,0
704,26.0,7.8542,705,3,0.0,350025,0,0,1,0,0,0,0,0,1,0,0,0,0,0,0,0
705,39.0,26.0,706,2,0.0,250655,0,0,1,0,0,0,0,0,1,0,1,0,0,0,0,0
706,45.0,13.5,707,2,1.0,223596,0,0,0,1,0,0,0,0,1,1,1,0,0,0,0,0
707,42.0,26.2875,708,1,1.0,PC 17476,0,0,1,0,0,0,0,0,1,0,1,1,0,0,0,0
708,22.0,151.55,709,1,1.0,113781,0,1,0,0,0,0,0,0,1,1,1,0,0,1,0,0
709,4.0,15.2458,710,3,1.0,2661,1,0,0,0,0,0,1,0,0,0,0,0,1,0,0,0
710,24.0,49.5042,711,1,1.0,PC 17482,0,1,0,0,0,0,1,0,0,1,1,1,0,0,0,0
711,40.0,26.55,712,1,0.0,113028,0,0,1,0,0,0,0,0,1,0,1,1,0,0,0,0
712,48.0,52.0,713,1,1.0,19996,0,0,1,0,0,0,0,0,1,0,0,1,0,1,0,0
713,29.0,9.4833,714,3,0.0,7545,0,0,1,0,0,0,0,0,1,0,1,0,0,0,0,0
714,52.0,13.0,715,2,0.0,250647,0,0,1,0,0,0,0,0,1,0,1,0,0,0,0,0
715,19.0,7.65,716,3,0.0,348124,0,0,1,0,0,0,0,0,1,0,1,1,0,0,0,0
716,38.0,227.525,717,1,1.0,PC 17757,0,1,0,0,0,0,1,0,0,1,1,1,0,1,0,0
717,27.0,10.5,718,2,1.0,34218,0,1,0,0,0,0,0,0,1,1,1,1,0,0,0,0
718,26.0,15.5,719,3,0.0,36568,0,0,1,0,0,0,0,1,0,0,1,0,0,0,0,0
719,33.0,7.775,720,3,0.0,347062,0,0,1,0,0,0,0,0,1,0,1,0,0,0,0,0
720,6.0,33.0,721,2,1.0,248727,0,1,0,0,0,0,0,0,1,1,0,0,1,0,0,0
721,17.0,7.0542,722,3,0.0,350048,0,0,1,0,0,0,0,0,1,0,0,0,0,0,0,0
722,34.0,13.0,723,2,0.0,12233,0,0,1,0,0,0,0,0,1,0,1,0,0,0,0,0
723,50.0,13.0,724,2,0.0,250643,0,0,1,0,0,0,0,0,1,0,1,0,0,0,0,0
724,27.0,53.1,725,1,1.0,113806,0,0,1,0,0,0,0,0,1,0,0,1,0,1,0,0
725,20.0,8.6625,726,3,0.0,315094,0,0,1,0,0,0,0,0,1,0,1,0,0,0,0,0
726,30.0,21.0,727,2,1.0,31027,0,0,0,1,0,0,0,0,1,1,0,0,0,0,0,0
727,18.0,7.7375,728,3,1.0,36866,0,1,0,0,0,0,0,1,0,1,1,0,0,0,0,0
728,25.0,26.0,729,2,0.0,236853,0,0,1,0,0,0,0,0,1,0,0,0,0,0,0,0
729,25.0,7.925,730,3,0.0,STON/O2. 3101271,0,1,0,0,0,0,0,0,1,1,0,0,0,0,0,0
730,29.0,211.3375,731,1,1.0,24160,0,1,0,0,0,0,0,0,1,1,1,1,0,1,0,0
731,11.0,18.7875,732,3,0.0,2699,0,0,1,0,0,0,1,0,0,0,1,0,1,0,0,0
732,31.0,0.0,733,2,0.0,239855,0,0,1,0,0,0,0,0,1,0,1,0,0,0,0,0
733,23.0,13.0,734,2,0.0,28425,0,0,1,0,0,0,0,0,1,0,1,0,0,0,0,0
734,23.0,13.0,735,2,0.0,233639,0,0,1,0,0,0,0,0,1,0,1,0,0,0,0,0
735,28.5,16.1,736,3,0.0,54636,0,0,1,0,0,0,0,0,1,0,1,0,0,0,0,0
736,48.0,34.375,737,3,0.0,W./C. 6608,0,0,0,1,0,0,0,0,1,1,0,0,0,0,0,1
737,35.0,512.3292,738,1,1.0,PC 17755,0,0,1,0,0,0,1,0,0,0,1,1,0,1,0,0
738,26.0,7.8958,739,3,0.0,349201,0,0,1,0,0,0,0,0,1,0,1,0,0,0,0,0
739,26.0,7.8958,740,3,0.0,349218,0,0,1,0,0,0,0,0,1,0,1,0,0,0,0,0
740,40.0,30.0,741,1,1.0,16988,0,0,1,0,0,0,0,0,1,0,1,1,0,0,0,0
741,36.0,78.85,742,1,0.0,19877,0,0,1,0,0,0,0,0,1,0,0,1,0,1,0,0
742,21.0,262.375,743,1,1.0,PC 17608,0,1,0,0,0,0,1,0,0,1,0,1,0,1,0,1
743,24.0,16.1,744,3,0.0,376566,0,0,1,0,0,0,0,0,1,0,0,0,0,0,0,0
744,31.0,7.925,745,3,1.0,STON/O 2. 3101288,0,0,1,0,0,0,0,0,1,0,1,0,0,0,0,0
745,70.0,71.0,746,1,0.0,WE/P 5735,0,0,0,0,1,0,0,0,1,0,0,1,0,1,1,0
746,16.0,20.25,747,3,0.0,C.A. 2673,0,0,1,0,0,0,0,0,1,0,0,0,0,0,0,0
747,30.0,13.0,748,2,1.0,250648,0,1,0,0,0,0,0,0,1,1,1,0,0,0,0,0
748,19.0,53.1,749,1,0.0,113773,0,0,1,0,0,0,0,0,1,0,0,1,0,1,0,0
749,31.0,7.75,750,3,0.0,335097,0,0,1,0,0,0,0,1,0,0,1,0,0,0,0,0
750,4.0,23.0,751,2,1.0,29103,0,1,0,0,0,0,0,0,1,1,0,0,1,0,0,0
751,6.0,12.475,752,3,1.0,392096,1,0,0,0,0,0,0,0,1,0,0,1,1,0,0,0
752,33.0,9.5,753,3,0.0,345780,0,0,1,0,0,0,0,0,1,0,1,0,0,0,0,0
753,23.0,7.8958,754,3,0.0,349204,0,0,1,0,0,0,0,0,1,0,1,0,0,0,0,0
754,48.0,65.0,755,2,1.0,220845,0,0,0,1,0,0,0,0,1,1,0,0,0,0,0,1
755,0.67,14.5,756,2,1.0,250649,1,0,0,0,0,0,0,0,1,0,0,0,1,0,0,0
756,28.0,7.7958,757,3,0.0,350042,0,0,1,0,0,0,0,0,1,0,1,0,0,0,0,0
757,18.0,11.5,758,2,0.0,29108,0,0,1,0,0,0,0,0,1,0,1,0,0,0,0,0
758,34.0,8.05,759,3,0.0,363294,0,0,1,0,0,0,0,0,1,0,1,0,0,0,0,0
759,33.0,86.5,760,1,1.0,110152,0,0,0,0,0,1,0,0,1,1,1,1,0,1,0,0
760,26.0,14.5,761,3,0.0,358585,0,0,1,0,0,0,0,0,1,0,1,0,0,0,0,0
761,41.0,7.125,762,3,0.0,SOTON/O2 3101272,0,0,1,0,0,0,0,0,1,0,1,0,0,0,0,0
762,20.0,7.2292,763,3,1.0,2663,0,0,1,0,0,0,1,0,0,0,1,0,0,0,0,0
763,36.0,120.0,764,1,1.0,113760,0,0,0,1,0,0,0,0,1,1,0,1,0,1,0,1
764,16.0,7.775,765,3,0.0,347074,0,0,1,0,0,0,0,0,1,0,1,0,0,0,0,0
765,51.0,77.9583,766,1,1.0,13502,0,0,0,1,0,0,0,0,1,1,0,1,0,1,0,0
766,51.0,39.6,767,1,0.0,112379,0,0,0,0,1,0,1,0,0,0,1,0,0,0,0,0
767,30.5,7.75,768,3,0.0,364850,0,1,0,0,0,0,0,1,0,1,1,0,0,0,0,0
768,26.0,24.15,769,3,0.0,371110,0,0,1,0,0,0,0,1,0,0,0,0,0,0,0,0
769,32.0,8.3625,770,3,0.0,8471,0,0,1,0,0,0,0,0,1,0,1,0,0,0,0,0
770,24.0,9.5,771,3,0.0,345781,0,0,1,0,0,0,0,0,1,0,1,0,0,0,0,0
771,48.0,7.8542,772,3,0.0,350047,0,0,1,0,0,0,0,0,1,0,1,0,0,0,0,0
772,57.0,10.5,773,2,0.0,S.O./P.P. 3,0,0,0,1,0,0,0,0,1,1,1,1,0,0,0,0
773,26.0,7.225,774,3,0.0,2674,0,0,1,0,0,0,1,0,0,0,1,0,0,0,0,0
774,54.0,23.0,775,2,1.0,29105,0,0,0,1,0,0,0,0,1,1,0,0,0,0,0,1
775,18.0,7.75,776,3,0.0,347078,0,0,1,0,0,0,0,0,1,0,1,0,0,0,0,0
776,26.0,7.75,777,3,0.0,383121,0,0,1,0,0,0,0,1,0,0,1,1,0,0,0,0
777,5.0,12.475,778,3,1.0,364516,0,1,0,0,0,0,0,0,1,1,1,0,1,0,0,0
778,26.0,7.7375,779,3,0.0,36865,0,0,1,0,0,0,0,1,0,0,1,0,0,0,0,0
779,43.0,211.3375,780,1,1.0,24160,0,0,0,1,0,0,0,0,1,1,0,1,0,1,0,1
780,13.0,7.2292,781,3,1.0,2687,0,1,0,0,0,0,1,0,0,1,1,0,0,0,0,0
781,17.0,57.0,782,1,1.0,17474,0,0,0,1,0,0,0,0,1,1,0,1,0,1,0,0
782,29.0,30.0,783,1,0.0,113501,0,0,1,0,0,0,0,0,1,0,1,1,0,0,0,0
783,26.0,23.45,784,3,0.0,W./C. 6607,0,0,1,0,0,0,0,0,1,0,0,0,0,0,1,0
784,25.0,7.05,785,3,0.0,SOTON/O.Q. 3101312,0,0,1,0,0,0,0,0,1,0,1,0,0,0,0,0
785,25.0,7.25,786,3,0.0,374887,0,0,1,0,0,0,0,0,1,0,1,0,0,0,0,0
786,18.0,7.4958,787,3,1.0,3101265,0,1,0,0,0,0,0,0,1,1,1,0,0,0,0,0
787,8.0,29.125,788,3,0.0,382652,1,0,0,0,0,0,0,1,0,0,0,0,1,0,0,0
788,1.0,20.575,789,3,1.0,C.A. 2315,1,0,0,0,0,0,0,0,1,0,0,0,1,0,0,0
789,46.0,79.2,790,1,0.0,PC 17593,0,0,1,0,0,0,1,0,0,0,1,1,0,1,0,0
790,26.0,7.75,791,3,0.0,12460,0,0,1,0,0,0,0,1,0,0,1,0,0,0,0,0
791,16.0,26.0,792,2,0.0,239865,0,0,1,0,0,0,0,0,1,0,1,0,0,0,0,0
792,18.0,69.55,793,3,0.0,CA. 2343,0,1,0,0,0,0,0,0,1,1,0,0,0,0,0,1
793,40.0,30.6958,794,1,0.0,PC 17600,0,0,1,0,0,0,1,0,0,0,1,0,0,0,0,0
794,25.0,7.8958,795,3,0.0,349203,0,0,1,0,0,0,0,0,1,0,1,0,0,0,0,0
795,39.0,13.0,796,2,0.0,28213,0,0,1,0,0,0,0,0,1,0,1,0,0,0,0,0
796,49.0,25.9292,797,1,1.0,17465,0,0,0,0,1,0,0,0,1,1,1,1,0,0,0,0
797,31.0,8.6833,798,3,1.0,349244,0,0,0,1,0,0,0,0,1,1,1,0,0,0,0,0
798,30.0,7.2292,799,3,0.0,2685,0,0,1,0,0,0,1,0,0,0,1,0,0,0,0,0
799,30.0,24.15,800,3,0.0,345773,0,0,0,1,0,0,0,0,1,1,0,0,0,0,0,1
800,34.0,13.0,801,2,0.0,250647,0,0,1,0,0,0,0,0,1,0,1,0,0,0,0,0
801,31.0,26.25,802,2,1.0,C.A. 31921,0,0,0,1,0,0,0,0,1,1,0,0,0,0,0,1
802,11.0,120.0,803,1,1.0,113760,1,0,0,0,0,0,0,0,1,0,0,1,1,1,0,0
803,0.42,8.5167,804,3,1.0,2625,1,0,0,0,0,0,1,0,0,0,0,0,1,0,0,0
804,27.0,6.975,805,3,1.0,347089,0,0,1,0,0,0,0,0,1,0,1,0,0,0,0,0
805,31.0,7.775,806,3,0.0,347063,0,0,1,0,0,0,0,0,1,0,1,0,0,0,0,0
806,39.0,0.0,807,1,0.0,112050,0,0,1,0,0,0,0,0,1,0,1,1,0,0,0,0
807,18.0,7.775,808,3,0.0,347087,0,1,0,0,0,0,0,0,1,1,1,0,0,0,0,0
808,39.0,13.0,809,2,0.0,248723,0,0,1,0,0,0,0,0,1,0,1,0,0,0,0,0
809,33.0,53.1,810,1,1.0,113806,0,0,0,1,0,0,0,0,1,1,0,1,0,1,0,0
810,26.0,7.8875,811,3,0.0,3474,0,0,1,0,0,0,0,0,1,0,1,0,0,0,0,0
811,39.0,24.15,812,3,0.0,A/4 48871,0,0,1,0,0,0,0,0,1,0,1,0,0,0,0,0
812,35.0,10.5,813,2,0.0,28206,0,0,1,0,0,0,0,0,1,0,1,0,0,0,0,0
813,6.0,31.275,814,3,0.0,347082,0,1,0,0,0,0,0,0,1,1,0,0,1,0,0,0
814,30.5,8.05,815,3,0.0,364499,0,0,1,0,0,0,0,0,1,0,1,0,0,0,0,0
815,40.0,0.0,816,1,0.0,112058,0,0,1,0,0,0,0,0,1,0,1,1,0,0,0,0
816,23.0,7.925,817,3,0.0,STON/O2. 3101290,0,1,0,0,0,0,0,0,1,1,1,0,0,0,0,0
817,31.0,37.0042,818,2,0.0,S.C./PARIS 2079,0,0,1,0,0,0,1,0,0,0,0,0,0,0,1,0
818,43.0,6.45,819,3,0.0,C 7075,0,0,1,0,0,0,0,0,1,0,1,0,0,0,0,0
819,10.0,27.9,820,3,0.0,347088,1,0,0,0,0,0,0,0,1,0,0,0,1,0,0,0
820,52.0,93.5,821,1,1.0,12749,0,0,0,1,0,0,0,0,1,1,0,1,0,1,0,1
821,27.0,8.6625,822,3,1.0,315098,0,0,1,0,0,0,0,0,1,0,1,0,0,0,0,0
822,38.0,0.0,823,1,0.0,19972,0,0,0,0,0,1,0,0,1,0,1,0,0,0,0,0
823,27.0,12.475,824,3,1.0,392096,0,0,0,1,0,0,0,0,1,1,0,1,0,0,0,1
824,2.0,39.6875,825,3,0.0,3101295,1,0,0,0,0,0,0,0,1,0,0,0,1,0,0,0
825,26.0,6.95,826,3,0.0,368323,0,0,1,0,0,0,0,1,0,0,1,0,0,0,0,0
826,26.0,56.4958,827,3,0.0,1601,0,0,1,0,0,0,0,0,1,0,1,0,0,0,0,0
827,1.0,37.0042,828,2,1.0,S.C./PARIS 2079,1,0,0,0,0,0,1,0,0,0,0,0,1,0,0,0
828,26.0,7.75,829,3,1.0,367228,0,0,1,0,0,0,0,1,0,0,1,0,0,0,0,0
829,62.0,80.0,830,1,1.0,113572,0,0,0,1,0,0,0,0,1,1,1,1,0,1,0,0
830,15.0,14.4542,831,3,1.0,2659,0,0,0,1,0,0,1,0,0,1,0,0,0,0,0,0
831,0.83,18.75,832,2,1.0,29106,1,0,0,0,0,0,0,0,1,0,0,0,1,0,0,0
832,26.0,7.2292,833,3,0.0,2671,0,0,1,0,0,0,1,0,0,0,1,0,0,0,0,0
833,23.0,7.8542,834,3,0.0,347468,0,0,1,0,0,0,0,0,1,0,1,0,0,0,0,0
834,18.0,8.3,835,3,0.0,2223,0,0,1,0,0,0,0,0,1,0,1,0,0,0,0,0
835,39.0,83.1583,836,1,1.0,PC 17756,0,1,0,0,0,0,1,0,0,1,0,1,0,1,0,1
836,21.0,8.6625,837,3,0.0,315097,0,0,1,0,0,0,0,0,1,0,1,0,0,0,0,0
837,26.0,8.05,838,3,0.0,392092,0,0,1,0,0,0,0,0,1,0,1,0,0,0,0,0
838,32.0,56.4958,839,3,1.0,1601,0,0,1,0,0,0,0,0,1,0,1,0,0,0,0,0
839,40.0,29.7,840,1,1.0,11774,0,0,1,0,0,0,1,0,0,0,1,1,0,0,0,0
840,20.0,7.925,841,3,0.0,SOTON/O2 3101287,0,0,1,0,0,0,0,0,1,0,1,0,0,0,0,0
841,16.0,10.5,842,2,0.0,S.O./P.P. 3,0,0,1,0,0,0,0,0,1,0,1,0,0,0,0,0
842,30.0,31.0,843,1,1.0,113798,0,1,0,0,0,0,1,0,0,1,1,0,0,0,0,0
843,34.5,6.4375,844,3,0.0,2683,0,0,1,0,0,0,1,0,0,0,1,0,0,0,0,0
844,17.0,8.6625,845,3,0.0,315090,0,0,1,0,0,0,0,0,1,0,1,0,0,0,0,0
845,42.0,7.55,846,3,0.0,C.A. 5547,0,0,1,0,0,0,0,0,1,0,1,0,0,0,0,0
846,26.0,69.55,847,3,0.0,CA. 2343,0,0,1,0,0,0,0,0,1,0,0,0,0,0,1,0
847,35.0,7.8958,848,3,0.0,349213,0,0,1,0,0,0,1,0,0,0,1,0,0,0,0,0
848,28.0,33.0,849,2,0.0,248727,0,0,0,0,1,0,0,0,1,0,0,0,0,0,1,0
849,40.0,89.1042,850,1,1.0,17453,0,0,0,1,0,0,1,0,0,1,0,1,0,1,0,0
850,4.0,31.275,851,3,0.0,347082,1,0,0,0,0,0,0,0,1,0,0,0,1,0,0,0
851,74.0,7.775,852,3,0.0,347060,0,0,1,0,0,0,0,0,1,0,1,0,0,0,0,0
852,9.0,15.2458,853,3,0.0,2678,0,1,0,0,0,0,1,0,0,1,0,0,1,0,0,0
853,16.0,39.4,854,1,1.0,PC 17592,0,1,0,0,0,0,0,0,1,1,0,1,0,0,0,0
854,44.0,26.0,855,2,0.0,244252,0,0,0,1,0,0,0,0,1,1,0,0,0,0,0,0
855,18.0,9.35,856,3,1.0,392091,0,0,0,1,0,0,0,0,1,1,0,0,0,0,0,1
856,45.0,164.8667,857,1,1.0,36928,0,0,0,1,0,0,0,0,1,1,0,0,0,1,0,1
857,51.0,26.55,858,1,1.0,113055,0,0,1,0,0,0,0,0,1,0,1,1,0,0,0,0
858,24.0,19.2583,859,3,1.0,2666,0,0,0,1,0,0,1,0,0,1,0,0,0,0,0,1
859,26.0,7.2292,860,3,0.0,2629,0,0,1,0,0,0,1,0,0,0,1,0,0,0,0,0
860,41.0,14.1083,861,3,0.0,350026,0,0,1,0,0,0,0,0,1,0,0,0,0,0,0,0
861,21.0,11.5,862,2,0.0,28134,0,0,1,0,0,0,0,0,1,0,0,0,0,0,0,0
862,48.0,25.9292,863,1,1.0,17466,0,0,0,1,0,0,0,0,1,1,1,1,0,0,0,0
863,18.0,69.55,864,3,0.0,CA. 2343,0,1,0,0,0,0,0,0,1,1,0,0,0,0,0,1
864,24.0,13.0,865,2,0.0,233866,0,0,1,0,0,0,0,0,1,0,1,0,0,0,0,0
865,42.0,13.0,866,2,1.0,236852,0,0,0,1,0,0,0,0,1,1,1,0,0,0,0,0
866,27.0,13.8583,867,2,1.0,SC/PARIS 2149,0,1,0,0,0,0,1,0,0,1,0,0,0,0,0,0
867,31.0,50.4958,868,1,0.0,PC 17590,0,0,1,0,0,0,0,0,1,0,1,1,0,1,0,0
868,26.0,9.5,869,3,0.0,345777,0,0,1,0,0,0,0,0,1,0,1,0,0,0,0,0
869,4.0,11.1333,870,3,1.0,347742,1,0,0,0,0,0,0,0,1,0,0,0,1,0,0,0
870,26.0,7.8958,871,3,0.0,349248,0,0,1,0,0,0,0,0,1,0,1,0,0,0,0,0
871,47.0,52.5542,872,1,1.0,11751,0,0,0,1,0,0,0,0,1,1,0,1,0,1,0,1
872,33.0,5.0,873,1,0.0,695,0,0,1,0,0,0,0,0,1,0,1,1,0,0,0,0
873,47.0,9.0,874,3,0.0,345765,0,0,1,0,0,0,0,0,1,0,1,0,0,0,0,0
874,28.0,24.0,875,2,1.0,P/PP 3381,0,0,0,1,0,0,1,0,0,1,0,0,0,0,0,0
875,15.0,7.225,876,3,1.0,2667,0,1,0,0,0,0,1,0,0,1,1,0,0,0,0,0
876,20.0,9.8458,877,3,0.0,7534,0,0,1,0,0,0,0,0,1,0,1,0,0,0,0,0
877,19.0,7.8958,878,3,0.0,349212,0,0,1,0,0,0,0,0,1,0,1,0,0,0,0,0
878,26.0,7.8958,879,3,0.0,349217,0,0,1,0,0,0,0,0,1,0,1,0,0,0,0,0
879,56.0,83.1583,880,1,1.0,11767,0,0,0,1,0,0,1,0,0,1,0,1,0,1,0,1
880,25.0,26.0,881,2,1.0,230433,0,0,0,1,0,0,0,0,1,1,0,0,0,0,0,1
881,33.0,7.8958,882,3,0.0,349257,0,0,1,0,0,0,0,0,1,0,1,0,0,0,0,0
882,22.0,10.5167,883,3,0.0,7552,0,1,0,0,0,0,0,0,1,1,1,0,0,0,0,0
883,28.0,10.5,884,2,0.0,C.A./SOTON 34068,0,0,1,0,0,0,0,0,1,0,1,0,0,0,0,0
884,25.0,7.05,885,3,0.0,SOTON/OQ 392076,0,0,1,0,0,0,0,0,1,0,1,0,0,0,0,0
885,39.0,29.125,886,3,0.0,382652,0,0,0,1,0,0,0,1,0,1,0,0,0,0,0,1
886,27.0,13.0,887,2,0.0,211536,0,0,0,0,1,0,0,0,1,0,1,0,0,0,0,0
887,19.0,30.0,888,1,1.0,112053,0,1,0,0,0,0,0,0,1,1,1,1,0,0,0,0
888,18.0,23.45,889,3,0.0,W./C. 6607,0,1,0,0,0,0,0,0,1,1,0,0,0,0,0,1
889,26.0,30.0,890,1,1.0,111369,0,0,1,0,0,0,1,0,0,0,1,1,0,0,0,0
890,32.0,7.75,891,3,0.0,370376,0,0,1,0,0,0,0,1,0,0,1,0,0,0,0,0
